ID_Uzorka;Dubina;Temperatura;pH_Vrijednost;Vlaga;Metan;Organske_molekule
1;5,9;-62,9;7,08;2,57;Negativno;Ne
2;13,3;-67,1;7,02;4,8;Negativno;Ne
3;2,9;-39,8;7,36;1,08;Negativno;Ne
4;1,2;-46,3;6,53;5,92;Negativno;Ne
5;5,6;-24,6;7,61;4,23;Negativno;Ne
6;3,2;-31,4;7,13;2,52;Pozitivno;Ne
7;8,8;-51,8;6,26;5,94;Negativno;Ne
8;1,5;-72,5;7,4;3,48;Negativno;Ne
9;13,6;-55,6;6,5;3,01;Negativno;Ne
10;4,1;-39,0;7,59;3,68;Pozitivno;Ne
11;11,4;-44,0;8,1;3,04;Negativno;Ne
12;10,7;-44,3;6,7;1,46;Negativno;Ne
13;8,4;-43,2;6,52;0,7;Negativno;Ne
14;2,6;-30,3;7,32;4,72;Negativno;Ne
15;1,1;-55,9;6,95;4,34;Negativno;Ne
16;11,6;-67,8;6,89;5,23;Negativno;Ne
17;4,6;-42,1;6,64;3,08;Negativno;Ne
18;13,4;-59,0;6,0;5,75;Pozitivno;Ne
19;14,6;-55,2;8,14;3,28;Negativno;Ne
20;13,3;-43,2;5,84;2,1;Negativno;Ne
21;9,1;-32,9;7,88;0,62;Negativno;Ne
22;11,0;-70,3;7,1;1,22;Negativno;Ne
23;13,5;-76,9;6,49;3,89;Negativno;Ne
24;3,7;-68,6;5,41;5,49;Negativno;Ne
25;11,3;-48,1;7,07;0,33;Negativno;Ne
26;1,1;-38,4;6,59;3,17;Negativno;Ne
27;14,3;-46,8;7,15;4,78;Negativno;Da
28;0,2;-35,0;6,94;1,42;Negativno;Ne
29;13,9;-47,6;7,23;0,69;Negativno;Ne
30;13,3;-71,7;6,36;4,46;Negativno;Ne
31;3,4;-41,4;6,95;4,93;Negativno;Da
32;4,3;-23,6;6,93;1,79;Negativno;Da
33;6,8;-29,4;6,8;1,31;Negativno;Ne
34;13,1;-50,7;5,68;0,15;Negativno;Ne
35;10,3;-57,9;7,23;2,6;Negativno;Ne
36;10,4;-52,2;7,36;3,28;Negativno;Ne
37;9,2;-16,1;7,8;3,45;Negativno;Ne
38;5,6;-53,3;6,07;2,78;Negativno;Ne
39;10,0;-48,3;6,92;5,36;Negativno;Ne
40;1,4;-37,4;7,46;3,28;Negativno;Ne
41;12,7;-30,2;8,16;3,1;Negativno;Ne
42;1,9;-44,5;6,48;2,49;Negativno;Ne
43;5,0;-54,6;6,88;1,4;Negativno;Ne
44;11,5;-25,5;7,05;0,88;Negativno;Ne
45;5,0;-57,8;7,54;3,53;Negativno;Ne
46;12,9;-41,3;7,05;0,1;Pozitivno;Ne
47;11,9;-71,8;7,12;5,15;Negativno;Ne
48;7,1;-61,2;6,47;2,41;Negativno;Ne
49;4,5;-64,9;5,86;3,37;Negativno;Da
50;2,6;-55,6;7,16;4,56;Negativno;Ne
51;3,4;-46,4;7,01;1,57;Negativno;Ne
52;5,0;-81,6;7,5;4,16;Negativno;Ne
53;7,7;-67,6;7,05;4,03;Negativno;Ne
54;2,2;-51,1;7,38;2,23;Negativno;Ne
55;3,0;-52,7;7,29;4,13;Negativno;Ne
56;12,7;-56,3;6,8;4,55;Negativno;Ne
57;9,6;-76,2;7,0;5,91;Negativno;Ne
58;14,7;-44,7;6,62;1,67;Negativno;Ne
59;12,7;-70,3;6,54;5,85;Negativno;Ne
60;10,9;-33,0;6,67;2,87;Negativno;Ne
61;1,8;-38,3;7,55;5,14;Negativno;Ne
62;2,2;-32,3;6,43;5,53;Negativno;Ne
63;14,7;-40,4;7,27;4,26;Negativno;Ne
64;6,7;-47,9;7,48;3,14;Negativno;Ne
65;13,4;-31,2;7,36;3,13;Negativno;Ne
66;9,6;-13,0;6,57;6,608563959565992;Pozitivno;Da
67;5,0;-65,7;6,29;0,2;Negativno;Da
68;2,1;-47,8;7,24;0,52;Negativno;Ne
69;12,8;-38,7;7,0;2,66;Negativno;Ne
70;5,3;-58,2;7,09;5,76;Negativno;Ne
71;6,0;-9,4;7,93;6,741426868028928;Pozitivno;Da
72;5,4;-68,8;6,98;1,66;Negativno;Ne
73;9,6;-64,0;7,23;4,0;Negativno;Ne
74;5,5;-37,4;7,19;4,64;Negativno;Ne
75;12,5;-65,3;7,28;1,55;Negativno;Ne
76;5,9;-47,9;7,32;4,43;Negativno;Ne
77;0,3;-66,7;6,85;2,0;Negativno;Ne
78;11,4;-46,8;8,17;1,54;Negativno;Ne
79;4,1;-33,6;6,77;0,86;Negativno;Ne
80;3,1;-31,4;6,45;1,12;Negativno;Ne
81;5,0;-32,6;6,5;0,61;Negativno;Ne
82;1,2;-57,9;7,38;2,55;Negativno;Ne
83;2,8;-31,3;7,64;3,06;Negativno;Ne
84;11,3;-72,6;6,63;2,15;Negativno;Ne
85;2,5;-12,3;6,06;2,92;Negativno;Ne
86;3,5;-71,8;7,1;2,35;Negativno;Ne
87;6,3;-40,0;6,01;5,29;Negativno;Ne
88;13,4;-10,9;6,63;8,288563959565993;Pozitivno;Da
89;13,9;-61,7;6,72;4,3;Negativno;Ne
90;0,8;-39,8;8,51;3,01;Negativno;Ne
91;11,8;-66,5;6,29;2,4;Negativno;Ne
92;2,7;-52,1;6,56;1,84;Negativno;Ne
93;10,3;-84,8;7,78;1,41;Negativno;Ne
94;10,5;-27,3;6,83;3,0;Negativno;Ne
95;1,7;-21,7;6,5;5,83;Negativno;Ne
96;8,8;-30,9;6,62;0,42;Negativno;Ne
97;1,5;-58,2;7,09;3,25;Negativno;Ne
98;13,5;-71,9;7,0;4,73;Negativno;Ne
99;7,4;-61,8;6,94;5,88;Negativno;Ne
100;10,2;-60,9;6,98;2,74;Negativno;Ne
101;12,6;-55,8;7,22;1,23;Pozitivno;Ne
102;12,7;-74,0;7,86;2,75;Negativno;Ne
103;2,9;-45,1;7,19;5,41;Negativno;Ne
104;8,1;-49,5;6,84;5,56;Negativno;Ne
105;7,5;-53,1;7,69;5,1;Negativno;Ne
106;13,7;-57,1;6,34;1,08;Negativno;Ne
107;1,2;-70,1;6,23;2,55;Negativno;Ne
108;9,4;-52,5;7,2;4,18;Negativno;Ne
109;3,1;-70,0;6,25;1,44;Negativno;Ne
110;1,4;-62,5;6,99;5,46;Pozitivno;Ne
111;3,6;-57,4;5,96;3,61;Negativno;Ne
112;5,8;-27,6;7,56;1,87;Negativno;Ne
113;3,0;-79,8;7,06;1,77;Negativno;Ne
114;9,2;-59,4;7,06;2,67;Pozitivno;Ne
115;0,1;-46,7;7,45;2,77;Negativno;Ne
116;2,3;-60,7;6,64;2,56;Negativno;Ne
117;8,3;-55,0;7,95;4,51;Negativno;Ne
118;14,6;-63,9;7,17;1,04;Negativno;Ne
119;5,7;-42,9;6,6;2,09;Negativno;Ne
120;11,8;-47,6;6,04;3,64;Negativno;Ne
121;5,4;-46,5;6,42;5,64;Negativno;Ne
122;12,5;-59,3;6,43;4,78;Negativno;Ne
123;10,2;-31,3;6,81;5,06;Negativno;Ne
124;8,9;-60,3;7,26;2,62;Negativno;Ne
125;6,6;-44,2;7,27;4,97;Pozitivno;Ne
126;4,7;-56,8;6,7;3,88;Negativno;Ne
127;1,3;-48,5;6,94;5,27;Negativno;Ne
128;13,5;-76,0;7,19;0,72;Negativno;Ne
129;8,8;-68,5;6,3;3,81;Negativno;Ne
130;14,6;-42,7;7,04;1,68;Negativno;Ne
131;1,0;-71,7;7,52;5,04;Negativno;Ne
132;14,5;-45,8;6,96;1,17;Negativno;Ne
133;8,1;-46,8;6,83;1,37;Pozitivno;Ne
134;3,4;-55,7;7,13;3,13;Negativno;Ne
135;8,7;-49,2;6,96;5,07;Negativno;Ne
136;12,1;-55,9;7,02;5,34;Negativno;Ne
137;2,1;-50,8;7,03;1,12;Negativno;Ne
138;11,9;-56,6;6,98;0,16;Negativno;Ne
139;11,8;-63,0;7,66;3,08;Negativno;Ne
140;4,4;-53,2;6,43;3,49;Negativno;Ne
141;7,6;-46,7;6,96;4,51;Negativno;Ne
142;5,5;-77,5;6,58;5,84;Pozitivno;Ne
143;4,1;-54,7;8,16;1,32;Negativno;Ne
144;13,3;-38,2;6,69;1,56;Negativno;Ne
145;3,7;-77,3;7,25;1,28;Negativno;Ne
146;13,6;-59,9;7,96;3,93;Negativno;Ne
147;13,7;-45,2;7,06;3,13;Negativno;Da
148;5,3;-55,8;7,37;3,58;Negativno;Ne
149;7,4;-40,0;6,69;3,26;Negativno;Ne
150;4,1;-54,5;7,18;1,13;Negativno;Ne
151;11,4;-30,6;6,75;1,48;Negativno;Ne
152;10,5;-70,0;6,6;0,79;Negativno;Ne
153;12,3;-59,1;6,65;1,95;Negativno;Ne
154;6,3;-31,9;7,97;4,82;Negativno;Da
155;8,4;-9,9;6,78;3,81;Negativno;Da
156;1,0;-27,4;7,1;0,18;Negativno;Ne
157;4,9;-38,6;7,24;4,8;Negativno;Ne
158;8,1;-56,6;7,13;2,85;Negativno;Ne
159;11,3;-51,4;7,03;0,75;Negativno;Ne
160;6,7;-65,9;6,06;2,68;Negativno;Ne
161;5,7;-32,0;6,91;1,82;Negativno;Da
162;0,4;-52,1;7,51;2,0;Negativno;Ne
163;6,4;-16,6;6,47;7,711426868028928;Pozitivno;Da
164;10,0;-69,9;6,97;0,15;Negativno;Ne
165;7,7;-36,6;6,45;1,62;Negativno;Ne
166;5,8;-42,4;7,67;5,08;Negativno;Ne
167;9,0;-48,2;7,74;0,51;Negativno;Ne
168;6,3;-59,2;6,41;4,11;Negativno;Ne
169;0,5;-30,5;6,01;2,34;Pozitivno;Ne
170;4,8;-61,8;6,45;4,75;Negativno;Ne
171;13,6;-54,5;6,48;1,93;Negativno;Ne
172;10,0;-39,7;7,88;4,94;Negativno;Ne
173;6,9;-55,5;7,36;3,5;Negativno;Da
174;14,0;-21,2;6,43;0,78;Negativno;Ne
175;1,4;-41,4;6,6;3,74;Negativno;Ne
176;12,4;-69,3;7,19;5,78;Pozitivno;Ne
177;1,2;-30,9;7,56;1,73;Negativno;Ne
178;7,8;-24,2;7,37;5,83;Negativno;Ne
179;3,3;-49,3;6,65;4,11;Negativno;Ne
180;12,3;-20,0;7,31;2,8;Negativno;Ne
181;10,1;-33,2;7,1;3,04;Negativno;Ne
182;9,2;-47,9;7,07;0,23;Negativno;Ne
183;13,4;-80,8;6,78;3,66;Negativno;Ne
184;8,4;-55,5;7,48;2,13;Negativno;Ne
185;2,8;-6,5;8,05;7,141426868028929;Pozitivno;Da
186;12,6;-9,7;6,88;10,738563959565992;Pozitivno;Da
187;11,8;-18,1;7,34;7,371426868028928;Pozitivno;Da
188;1,8;-34,6;7,73;5,45;Negativno;Ne
189;11,4;-47,3;7,58;3,75;Negativno;Ne
190;2,7;-41,2;7,24;2,19;Negativno;Ne
191;11,5;-52,2;7,74;1,28;Negativno;Ne
192;11,0;-53,5;7,09;5,66;Negativno;Ne
193;12,9;-50,6;7,01;5,38;Pozitivno;Ne
194;11,1;-63,5;6,79;2,51;Negativno;Ne
195;6,6;-15,7;6,03;4,501426868028929;Pozitivno;Da
196;4,3;-57,0;6,85;0,63;Negativno;Ne
197;8,5;-18,4;7,37;1,92;Negativno;Ne
198;13,9;-30,3;7,09;3,31;Negativno;Ne
199;6,0;-23,6;6,88;5,4;Negativno;Ne
200;6,4;-60,6;6,79;5,49;Negativno;Ne
201;1,3;-45,7;6,83;0,51;Negativno;Ne
202;2,3;-39,4;7,26;3,82;Negativno;Ne
203;10,5;-61,9;7,57;3,69;Negativno;Ne
204;10,6;-36,5;7,04;3,18;Negativno;Ne
205;13,1;-51,9;7,53;4,73;Negativno;Ne
206;11,9;-89,9;6,93;2,89;Negativno;Da
207;9,1;-40,3;7,1;1,34;Negativno;Ne
208;5,3;-53,7;6,46;2,63;Negativno;Ne
209;3,8;-60,7;6,9;3,05;Negativno;Ne
210;14,5;-34,7;6,4;2,39;Negativno;Ne
211;3,8;-53,3;7,59;3,57;Negativno;Ne
212;12,8;-69,1;6,81;4,93;Negativno;Ne
213;4,0;-54,6;6,69;3,04;Negativno;Ne
214;10,7;-51,1;7,52;0,13;Negativno;Ne
215;3,4;-77,7;5,98;1,89;Negativno;Ne
216;5,6;-56,8;8,15;2,41;Negativno;Ne
217;0,2;-42,9;6,62;4,42;Negativno;Ne
218;10,7;-77,4;7,11;3,64;Negativno;Ne
219;1,4;-65,3;6,92;2,44;Negativno;Ne
220;14,7;-45,9;6,16;2,33;Negativno;Ne
221;3,5;-48,3;6,23;4,74;Negativno;Ne
222;12,1;-73,8;7,15;1,44;Negativno;Ne
223;2,0;-46,9;7,35;1,57;Negativno;Ne
224;2,1;-38,1;6,29;2,71;Negativno;Ne
225;12,1;-57,5;7,55;1,84;Negativno;Ne
226;6,6;-44,1;7,38;3,24;Negativno;Ne
227;2,1;-38,4;7,77;5,12;Negativno;Ne
228;10,4;-32,0;6,9;2,97;Negativno;Ne
229;13,8;-64,8;7,31;1,23;Negativno;Ne
230;12,0;-57,5;7,13;2,24;Negativno;Ne
231;2,0;-65,0;6,66;0,35;Negativno;Ne
232;10,0;-27,0;8,4;1,5;Negativno;Ne
233;14,2;-73,0;6,79;1,68;Negativno;Ne
234;8,8;-57,4;7,45;4,19;Negativno;Ne
235;4,8;-51,6;6,56;1,04;Negativno;Ne
236;9,4;-48,4;6,22;3,78;Negativno;Ne
237;3,7;-70,3;6,21;4,85;Negativno;Ne
238;11,8;-47,9;7,19;3,24;Negativno;Ne
239;1,2;-75,3;6,91;3,52;Negativno;Ne
240;13,1;-47,4;6,18;5,65;Negativno;Ne
241;6,8;-64,5;7,54;3,53;Negativno;Ne
242;2,7;-45,8;6,38;3,21;Negativno;Ne
243;14,7;-42,9;6,11;5,57;Negativno;Ne
244;13,7;-68,1;7,13;4,31;Negativno;Ne
245;11,9;-52,9;6,74;3,46;Negativno;Ne
246;10,5;-41,8;7,08;2,89;Negativno;Ne
247;13,2;-24,1;6,46;1,55;Negativno;Ne
248;5,4;-47,7;7,5;1,48;Negativno;Ne
249;4,4;-55,3;7,0;3,56;Negativno;Ne
250;12,6;-38,8;6,9;0,85;Negativno;Ne
251;10,2;-46,0;6,87;0,51;Negativno;Ne
252;7,3;-67,6;6,8;2,63;Negativno;Ne
253;6,9;-39,2;7,2;5,58;Pozitivno;Ne
254;7,2;-39,6;6,53;5,74;Negativno;Ne
255;3,8;-57,2;7,38;1,48;Negativno;Ne
256;14,7;-43,4;6,68;0,12;Pozitivno;Ne
257;8,5;-40,2;7,32;1,9;Negativno;Ne
258;4,6;-48,5;6,53;0,35;Negativno;Ne
259;12,3;-7,8;7,68;2,23;Negativno;Ne
260;8,4;-79,3;6,79;1,59;Negativno;Ne
261;11,8;-40,3;6,8;5,09;Negativno;Ne
262;8,7;-63,1;7,53;1,23;Negativno;Ne
263;3,0;-42,4;6,78;0,95;Negativno;Ne
264;0,4;-59,4;7,4;2,3;Negativno;Ne
265;5,1;-45,9;7,55;4,48;Negativno;Ne
266;6,5;-52,3;5,75;4,57;Negativno;Ne
267;2,3;-55,6;8,54;0,6;Pozitivno;Ne
268;13,2;-64,4;6,74;4,3;Negativno;Ne
269;8,1;-40,2;6,29;1,08;Negativno;Ne
270;11,5;-36,3;7,57;3,15;Negativno;Ne
271;5,7;-57,0;6,79;0,87;Negativno;Ne
272;13,9;150,0;-2,0;0,66;Pozitivno;Ne
273;4,2;-16,5;7,57;5,45;Negativno;Ne
274;0,4;-70,8;7,02;0,83;Negativno;Da
275;12,2;-36,0;6,27;0,9;Pozitivno;Ne
276;13,7;-59,8;7,14;2,11;Negativno;Ne
277;10,0;-26,0;5,94;2,29;Negativno;Ne
278;4,0;-67,5;6,03;4,6;Negativno;Ne
279;1,6;-68,7;7,55;2,09;Negativno;Ne
280;7,9;-21,5;7,18;2,8;Negativno;Ne
281;5,1;-64,7;6,74;1,99;Negativno;Ne
282;14,4;-72,7;7,66;1,27;Negativno;Ne
283;3,2;-62,7;7,13;5,99;Negativno;Ne
284;7,6;-38,5;7,79;5,53;Negativno;Ne
285;4,3;-47,6;7,13;3,07;Pozitivno;Ne
286;7,1;-59,3;7,21;1,58;Negativno;Ne
287;1,1;-55,2;6,48;1,98;Negativno;Ne
288;4,8;-68,0;7,16;0,81;Negativno;Ne
289;14,0;-28,5;7,26;5,01;Negativno;Ne
290;12,3;-60,2;6,13;0,47;Negativno;Ne
291;12,2;-33,9;6,99;3,21;Negativno;Ne
292;5,8;-59,0;6,12;4,86;Negativno;Ne
293;4,3;-33,4;6,57;3,79;Negativno;Ne
294;13,8;-23,0;6,7;4,52;Negativno;Ne
295;1,9;-37,7;7,23;0,16;Negativno;Ne
296;11,3;-50,2;6,07;5,53;Negativno;Ne
297;7,7;-51,5;6,85;5,39;Negativno;Ne
298;5,0;-61,6;7,33;0,78;Negativno;Ne
299;8,3;-17,0;6,7;5,52;Pozitivno;Ne
300;3,1;-43,7;7,17;1,05;Negativno;Da
301;6,2;-55,3;5,95;5,48;Negativno;Ne
302;5,5;-67,0;6,13;4,34;Negativno;Ne
303;2,8;-43,5;7,33;1,48;Negativno;Ne
304;9,1;-58,3;6,61;5,74;Negativno;Ne
305;12,2;-44,4;7,12;0,16;Negativno;Ne
306;8,1;-34,0;7,29;0,65;Negativno;Ne
307;10,1;-36,2;6,19;4,28;Negativno;Ne
308;14,6;-14,5;7,37;8,131426868028928;Pozitivno;Da
309;8,4;-12,7;6,88;4,98;Negativno;Ne
310;6,3;-39,6;7,6;2,39;Negativno;Ne
311;11,8;-34,0;7,4;0,31;Negativno;Ne
312;9,7;-59,8;7,99;5,65;Negativno;Ne
313;1,7;-49,8;7,13;3,99;Negativno;Ne
314;7,5;-51,3;7,27;4,71;Negativno;Ne
315;7,0;-40,8;6,89;0,82;Negativno;Ne
316;6,0;-26,2;7,65;4,76;Negativno;Ne
317;14,6;-52,4;6,53;2,36;Negativno;Ne
318;1,6;-69,7;6,0;3,42;Negativno;Ne
319;0,4;-47,3;7,85;1,06;Negativno;Ne
320;4,8;-46,3;6,7;5,19;Negativno;Ne
321;12,4;-73,5;7,33;3,34;Negativno;Ne
322;4,0;-68,8;7,66;3,21;Negativno;Ne
323;3,8;-36,8;7,01;2,72;Negativno;Ne
324;3,3;-15,0;6,92;2,19;Negativno;Ne
325;3,2;-62,9;6,61;3,12;Negativno;Ne
326;14,0;-53,5;6,77;3,16;Negativno;Ne
327;3,1;-68,3;6,67;3,47;Negativno;Ne
328;14,7;-30,5;6,3;3,25;Negativno;Ne
329;1,2;-31,6;7,09;1,32;Negativno;Ne
330;0,2;-45,2;6,56;1,72;Negativno;Ne
331;1,4;-62,7;8,0;5,64;Negativno;Ne
332;8,9;-59,5;6,42;3,73;Negativno;Ne
333;14,7;-26,4;7,59;1,39;Negativno;Ne
334;3,2;-50,5;6,34;4,32;Negativno;Ne
335;5,0;-34,9;6,53;4,96;Negativno;Ne
336;8,2;-62,1;8,09;2,32;Negativno;Ne
337;0,3;-25,4;6,75;0,39;Negativno;Ne
338;5,6;-41,6;7,01;5,57;Negativno;Ne
339;5,1;-52,9;7,36;2,4;Negativno;Ne
340;14,6;-12,4;6,86;6,761426868028929;Pozitivno;Da
341;0,2;-28,2;7,18;1,52;Pozitivno;Ne
342;14,1;-39,2;6,59;5,08;Negativno;Ne
343;4,7;-62,0;6,29;3,36;Negativno;Ne
344;5,1;-63,9;7,33;0,68;Pozitivno;Ne
345;10,6;-58,4;6,61;2,48;Negativno;Ne
346;5,9;-43,4;7,47;3,5;Negativno;Ne
347;1,5;-40,4;7,32;0,8;Negativno;Ne
348;5,9;-36,9;6,32;3,32;Negativno;Ne
349;9,2;-59,7;7,15;0,31;Negativno;Ne
350;8,0;-52,8;8,25;0,25;Negativno;Ne
351;9,3;-48,5;6,97;1,78;Negativno;Ne
352;2,2;-33,8;6,85;3,43;Negativno;Ne
353;10,4;-66,1;6,59;3,78;Negativno;Ne
354;9,1;-31,7;7,1;0,14;Negativno;Da
355;8,7;-33,6;7,78;5,12;Negativno;Ne
356;11,5;-51,8;7,06;4,51;Negativno;Ne
357;2,3;-60,4;6,91;1,88;Negativno;Ne
358;14,9;-50,6;7,13;2,51;Negativno;Ne
359;4,8;-38,5;7,69;0,16;Negativno;Ne
360;10,4;-37,2;6,01;5,53;Negativno;Ne
361;8,2;-26,4;6,4;2,57;Negativno;Ne
362;0,6;-46,6;6,66;5,03;Negativno;Ne
363;5,3;-11,7;7,34;4,901426868028929;Pozitivno;Da
364;5,0;-34,3;6,23;1,93;Negativno;Ne
365;4,2;-49,1;7,51;3,74;Pozitivno;Ne
366;14,5;-57,6;6,48;2,79;Negativno;Ne
367;2,8;-67,0;7,84;3,99;Pozitivno;Ne
368;4,5;-58,2;7,19;5,56;Negativno;Da
369;12,6;-77,3;6,89;3,79;Negativno;Ne
370;8,7;-35,1;7,3;3,13;Negativno;Ne
371;6,8;-26,6;7,14;5,62;Negativno;Ne
372;2,1;-64,2;7,26;5,36;Negativno;Ne
373;11,9;-7,2;6,79;8,881426868028928;Pozitivno;Da
374;2,1;-30,7;7,17;2,67;Negativno;Da
375;0,9;-40,4;7,01;1,95;Negativno;Ne
376;12,1;-38,9;6,82;0,56;Negativno;Ne
377;2,3;-33,9;7,32;3,94;Negativno;Ne
378;14,6;-46,3;7,25;1,31;Negativno;Ne
379;1,7;-37,6;6,38;3,18;Negativno;Ne
380;5,0;-44,2;7,15;5,56;Negativno;Ne
381;9,1;-36,0;7,57;4,32;Negativno;Ne
382;9,1;-78,5;6,69;5,62;Negativno;Ne
383;9,9;-69,3;7,08;5,3;Pozitivno;Ne
384;7,4;-20,2;7,3;5,22;Negativno;Ne
385;2,6;-46,4;6,07;1,76;Negativno;Ne
386;4,9;-32,7;6,11;2,97;Negativno;Ne
387;7,3;-27,5;7,84;5,64;Pozitivno;Da
388;13,6;-49,6;7,7;1,79;Negativno;Ne
389;3,4;-43,5;7,46;3,55;Negativno;Ne
390;0,3;-85,7;6,44;1,92;Negativno;Ne
391;7,5;-56,1;6,92;4,53;Negativno;Ne
392;2,8;-31,2;8,21;4,47;Negativno;Ne
393;14,6;-60,2;6,85;4,89;Negativno;Ne
394;6,7;-55,2;7,09;3,24;Negativno;Ne
395;6,1;-65,5;8,13;4,11;Negativno;Ne
396;6,8;-59,6;7,92;5,34;Negativno;Ne
397;3,5;-48,6;7,01;5,5;Negativno;Ne
398;14,1;-42,9;6,83;4,39;Negativno;Ne
399;7,2;-46,0;7,78;4,78;Negativno;Ne
400;0,3;-52,6;7,01;2,16;Pozitivno;Ne
401;1,8;-41,1;6,63;2,1;Pozitivno;Ne
402;10,4;-68,8;7,62;2,63;Negativno;Ne
403;0,2;-25,7;6,45;3,78;Pozitivno;Ne
404;4,4;-22,3;7,04;3,91;Negativno;Ne
405;7,2;-57,6;6,56;1,43;Negativno;Ne
406;12,7;-18,2;7,21;2,84;Negativno;Ne
407;2,5;-34,9;6,9;1,52;Negativno;Ne
408;8,7;-20,7;7,01;1,78;Negativno;Ne
409;11,5;-48,1;7,43;3,79;Negativno;Ne
410;10,4;-45,3;7,64;3,4;Negativno;Ne
411;1,9;-31,4;6,25;1,63;Negativno;Ne
412;9,7;-37,7;7,26;3,56;Pozitivno;Ne
413;0,9;-65,1;7,0;3,44;Negativno;Ne
414;13,8;-36,9;7,61;0,14;Negativno;Ne
415;6,4;-46,3;6,92;1,47;Negativno;Ne
416;11,9;-70,7;6,75;4,36;Negativno;Ne
417;8,9;-55,4;7,09;2,68;Negativno;Ne
418;9,6;-66,4;6,75;4,68;Negativno;Ne
419;10,0;-84,6;6,84;3,6;Negativno;Ne
420;7,0;-54,1;6,73;5,04;Pozitivno;Ne
421;9,5;-50,1;6,99;4,04;Negativno;Ne
422;10,9;-37,3;7,35;5,53;Negativno;Ne
423;4,1;-46,2;7,57;3,71;Negativno;Ne
424;1,9;-33,8;6,86;4,91;Negativno;Ne
425;9,0;-64,9;6,79;1,0;Negativno;Ne
426;14,1;-60,2;7,9;0,66;Negativno;Ne
427;14,7;-56,6;7,17;4,89;Negativno;Ne
428;6,4;-61,4;6,2;0,84;Negativno;Ne
429;0,2;-25,5;7,06;0,4;Negativno;Ne
430;9,9;-53,0;7,02;0,67;Negativno;Ne
431;3,3;-57,8;7,05;3,3;Negativno;Ne
432;5,7;-32,5;7,72;2,42;Negativno;Ne
433;12,2;-64,3;7,71;2,61;Negativno;Ne
434;9,5;-23,2;6,88;2,79;Negativno;Ne
435;10,6;-33,0;6,47;2,81;Negativno;Ne
436;12,2;-19,4;7,16;3,07;Negativno;Ne
437;11,3;-60,0;7,01;2,92;Negativno;Ne
438;1,9;-42,8;6,92;5,05;Negativno;Ne
439;9,5;-44,0;7,57;4,1;Negativno;Da
440;3,3;-70,3;8,28;5,35;Negativno;Ne
441;11,0;-18,3;6,91;5,82;Negativno;Ne
442;9,8;-57,2;7,01;3,44;Pozitivno;Da
443;11,1;-58,9;6,58;3,65;Negativno;Ne
444;5,5;-58,1;6,5;0,61;Negativno;Ne
445;13,4;-23,8;7,77;0,28;Negativno;Ne
446;9,0;-42,0;6,39;4,31;Negativno;Ne
447;5,6;-52,8;6,32;3,89;Pozitivno;Ne
448;11,6;-52,3;7,47;2,02;Negativno;Ne
449;11,8;-39,4;7,1;5,67;Negativno;Ne
450;6,4;-31,1;7,44;1,75;Negativno;Ne
451;1,9;-59,6;7,09;0,35;Negativno;Ne
452;1,7;-59,8;6,67;4,37;Negativno;Da
453;8,7;-50,1;6,85;3,63;Negativno;Ne
454;1,3;-30,3;7,19;1,32;Negativno;Ne
455;7,6;-48,8;6,8;4,23;Negativno;Da
456;5,5;-9,6;6,23;5,8614268680289285;Pozitivno;Da
457;13,7;-32,2;6,28;2,98;Negativno;Ne
458;13,5;-78,8;6,47;0,25;Negativno;Ne
459;2,2;-56,8;7,6;1,95;Negativno;Ne
460;7,8;-75,4;6,6;5,59;Negativno;Ne
461;13,3;-43,7;7,06;0,98;Negativno;Ne
462;1,5;-36,7;7,42;3,94;Negativno;Ne
463;11,9;-63,8;7,61;2,06;Negativno;Ne
464;4,4;-44,6;6,97;2,05;Negativno;Ne
465;14,3;-56,4;6,87;1,59;Negativno;Ne
466;6,0;-61,2;7,5;0,39;Negativno;Ne
467;12,9;-35,4;6,64;1,24;Negativno;Ne
468;11,8;-47,5;6,45;5,31;Pozitivno;Ne
469;9,3;-23,4;6,65;3,28;Negativno;Ne
470;3,2;-33,2;6,66;2,05;Pozitivno;Ne
471;3,6;-45,9;5,71;2,39;Negativno;Ne
472;5,6;-36,7;7,37;5,05;Negativno;Ne
473;3,7;-35,2;7,48;2,7;Negativno;Ne
474;4,2;-63,1;7,59;4,23;Negativno;Ne
475;1,4;-71,7;6,52;5,45;Negativno;Da
476;3,9;-57,5;6,35;1,92;Negativno;Ne
477;3,3;-58,2;6,94;5,89;Negativno;Ne
478;11,7;-50,0;6,36;0,78;Negativno;Ne
479;7,9;-52,5;7,18;0,95;Negativno;Ne
480;5,5;-50,8;6,71;0,23;Negativno;Ne
481;7,6;-40,6;6,92;3,8;Negativno;Ne
482;7,1;-37,7;7,24;1,39;Negativno;Ne
483;0,1;-65,2;6,76;1,56;Negativno;Ne
484;9,6;-57,7;7,59;0,79;Negativno;Ne
485;12,8;-69,6;5,52;2,55;Negativno;Ne
486;7,1;-49,2;6,72;0,56;Negativno;Da
487;4,1;-47,0;6,56;5,0;Negativno;Ne
488;2,5;-44,7;6,15;5,61;Negativno;Ne
489;14,2;-47,9;6,95;2,1;Negativno;Ne
490;2,5;-65,7;7,0;5,16;Negativno;Ne
491;9,2;-54,4;7,08;0,83;Negativno;Da
492;11,0;-42,7;7,68;3,47;Negativno;Ne
493;13,2;-43,0;6,93;0,28;Negativno;Ne
494;5,3;-50,6;7,38;4,06;Negativno;Ne
495;4,2;-61,3;6,74;3,26;Negativno;Ne
496;6,5;-38,9;7,99;5,77;Negativno;Ne
497;3,0;-38,9;7,32;3,25;Negativno;Ne
498;3,4;-83,9;7,6;3,44;Negativno;Ne
499;0,8;-74,1;7,68;3,3;Negativno;Ne
500;8,7;-63,7;6,76;2,25;Negativno;Ne
501;14,9;-51,9;6,88;1,54;Negativno;Ne
502;14,5;-35,3;6,64;4,58;Negativno;Ne
503;4,9;-52,5;6,05;1,75;Negativno;Ne
504;10,3;-33,8;7,61;2,61;Negativno;Ne
505;7,8;-45,9;6,45;1,18;Negativno;Ne
506;1,5;-56,4;7,45;5,47;Negativno;Ne
507;8,7;-80,7;7,4;3,77;Negativno;Ne
508;13,6;-52,7;7,18;4,73;Negativno;Ne
509;10,6;-52,3;6,28;5,8;Negativno;Ne
510;6,8;-76,7;6,97;3,76;Negativno;Ne
511;11,9;-72,6;6,77;5,23;Negativno;Ne
512;4,4;-31,6;7,07;4,79;Negativno;Ne
513;11,0;-53,6;7,81;3,04;Negativno;Ne
514;1,3;-56,5;7,52;4,34;Negativno;Ne
515;7,9;-59,6;6,55;2,39;Negativno;Ne
516;4,4;-51,1;5,8;1,8;Negativno;Ne
517;5,9;-38,9;7,66;1,26;Negativno;Ne
518;1,8;-61,5;6,04;1,41;Negativno;Da
519;10,4;-43,9;6,97;4,01;Negativno;Ne
520;14,7;-60,1;6,14;4,95;Negativno;Ne
521;11,5;-17,0;7,15;5,16;Negativno;Ne
522;11,2;-46,4;8,35;2,91;Negativno;Ne
523;2,2;-40,0;7,19;1,87;Negativno;Ne
524;13,8;-58,8;7,11;4,46;Negativno;Ne
525;5,9;-45,8;7,8;2,99;Negativno;Da
526;5,9;150,0;-2,0;2,2;Pozitivno;Ne
527;2,4;-40,8;6,78;5,37;Negativno;Ne
528;3,2;-62,7;6,72;3,99;Negativno;Ne
529;8,1;-46,2;6,01;4,79;Negativno;Ne
530;13,9;-74,3;7,2;3,79;Negativno;Ne
531;4,0;-50,9;7,19;3,9;Negativno;Ne
532;3,1;-58,5;6,41;1,24;Negativno;Ne
533;14,4;-36,4;6,72;0,18;Negativno;Ne
534;13,7;-44,4;7,31;2,39;Negativno;Ne
535;1,0;-47,7;6,81;5,6;Negativno;Ne
536;13,5;-90,9;6,84;3,37;Negativno;Ne
537;3,8;-57,8;6,61;2,84;Negativno;Da
538;8,6;-61,1;6,48;5,29;Negativno;Ne
539;10,8;-35,4;6,96;0,7;Negativno;Ne
540;13,5;-55,0;6,85;5,46;Negativno;Ne
541;4,3;-28,4;6,97;4,44;Negativno;Ne
542;8,3;-42,9;6,16;5,89;Negativno;Ne
543;0,6;-53,5;7,34;3,07;Negativno;Ne
544;6,7;-61,8;6,89;3,96;Negativno;Ne
545;1,8;-63,6;6,81;3,08;Negativno;Ne
546;0,9;-52,7;7,1;1,85;Negativno;Ne
547;14,9;-63,9;7,08;4,89;Negativno;Ne
548;3,1;-29,9;6,69;2,49;Negativno;Ne
549;4,9;-33,9;6,41;5,91;Negativno;Ne
550;13,0;-51,2;6,43;3,07;Negativno;Ne
551;14,4;-27,5;6,98;0,88;Negativno;Ne
552;2,5;-54,7;6,42;5,13;Negativno;Ne
553;8,4;-60,0;7,13;2,43;Negativno;Ne
554;4,2;-67,7;7,51;0,96;Pozitivno;Ne
555;8,1;-47,7;7,49;3,18;Pozitivno;Ne
556;5,3;-71,5;7,25;0,3;Negativno;Da
557;9,2;-77,3;7,06;0,46;Negativno;Ne
558;2,0;-70,3;7,79;3,64;Negativno;Ne
559;5,2;-44,3;7,24;0,65;Negativno;Da
560;11,6;-49,2;7,87;3,35;Negativno;Ne
561;10,8;-44,1;8,06;4,67;Negativno;Ne
562;11,4;-5,8;5,97;7,848563959565992;Pozitivno;Da
563;10,1;-74,4;6,33;0,89;Negativno;Ne
564;11,9;-8,5;6,41;4,86;Negativno;Ne
565;10,4;-53,5;7,85;0,22;Negativno;Ne
566;10,0;-46,7;6,15;3,41;Pozitivno;Ne
567;10,3;-48,0;6,87;0,25;Negativno;Ne
568;12,1;-27,0;7,1;5,27;Negativno;Ne
569;7,9;-37,5;7,44;0,24;Negativno;Ne
570;3,4;-73,7;6,58;1,16;Pozitivno;Ne
571;0,9;-65,1;7,26;4,04;Negativno;Ne
572;8,4;-53,7;6,99;3,38;Negativno;Ne
573;10,1;-56,0;6,92;5,91;Negativno;Ne
574;13,5;-59,6;7,19;4,94;Negativno;Ne
575;3,7;-50,0;7,79;0,51;Negativno;Ne
576;1,1;-54,7;7,22;4,14;Negativno;Ne
577;1,8;-34,3;7,6;3,11;Negativno;Ne
578;11,3;-40,6;8,29;1,34;Pozitivno;Ne
579;3,7;-64,4;7,8;4,16;Negativno;Ne
580;11,5;-56,0;7,55;2,04;Negativno;Ne
581;9,0;-62,8;7,66;3,38;Pozitivno;Ne
582;9,4;-44,8;7,52;3,27;Negativno;Ne
583;10,7;-67,4;7,16;4,51;Negativno;Ne
584;4,3;-34,5;7,76;2,55;Negativno;Ne
585;7,9;-48,7;6,85;2,53;Negativno;Ne
586;4,8;-50,4;7,94;4,43;Negativno;Ne
587;12,9;-35,2;6,34;5,87;Negativno;Ne
588;14,4;-33,5;7,36;5,87;Negativno;Ne
589;6,2;-68,4;7,29;2,96;Negativno;Ne
590;12,5;-39,0;7,56;5,45;Negativno;Da
591;3,9;-49,4;6,65;1,22;Negativno;Ne
592;9,1;-58,2;6,88;0,75;Negativno;Ne
593;8,9;-67,4;7,59;0,57;Negativno;Ne
594;2,7;-42,1;7,96;0,38;Negativno;Ne
595;7,3;-37,9;7,54;2,66;Negativno;Ne
596;12,3;-39,6;6,4;2,68;Negativno;Ne
597;5,5;-69,5;7,19;3,75;Negativno;Ne
598;12,4;-55,4;7,27;4,23;Negativno;Ne
599;11,4;-63,0;6,99;3,5;Negativno;Ne
600;7,4;-50,8;7,31;5,88;Negativno;Ne
601;13,2;-55,2;7,01;1,0;Negativno;Ne
602;14,1;-53,2;6,92;5,56;Negativno;Ne
603;2,8;-48,9;7,17;5,95;Negativno;Da
604;5,2;-49,1;6,94;3,51;Negativno;Ne
605;2,3;-75,3;6,98;5,86;Negativno;Ne
606;10,2;-67,6;7,51;2,56;Negativno;Ne
607;0,5;-24,6;6,52;4,33;Negativno;Ne
608;11,3;-60,1;5,85;0,48;Negativno;Ne
609;1,2;-75,6;7,33;0,47;Negativno;Ne
610;11,3;-46,0;7,67;5,35;Pozitivno;Ne
611;11,2;-66,7;7,26;4,34;Negativno;Ne
612;1,0;-31,5;7,38;3,39;Negativno;Ne
613;12,9;-35,3;7,71;1,65;Negativno;Ne
614;9,5;-39,5;6,98;4,37;Negativno;Ne
615;8,2;-18,4;6,89;4,65;Negativno;Ne
616;11,8;-66,3;7,37;5,0;Negativno;Ne
617;3,6;-64,6;7,26;5,03;Negativno;Ne
618;2,8;-37,0;7,69;2,94;Negativno;Ne
619;10,7;-42,0;7,31;5,14;Negativno;Ne
620;11,5;-32,9;6,8;5,51;Negativno;Ne
621;9,5;-52,7;7,68;3,41;Negativno;Ne
622;1,9;-29,6;6,59;5,21;Negativno;Ne
623;3,6;-41,8;7,25;2,8;Negativno;Ne
624;1,7;-41,4;6,89;5,34;Negativno;Ne
625;9,3;-52,5;6,43;0,23;Negativno;Ne
626;7,2;-32,1;5,92;0,9;Negativno;Ne
627;2,4;-39,5;6,8;0,16;Negativno;Ne
628;11,6;-48,3;6,76;2,06;Negativno;Ne
629;10,3;-34,0;7,13;3,92;Negativno;Ne
630;10,1;-45,8;7,13;2,73;Negativno;Ne
631;6,1;-55,3;6,8;3,71;Negativno;Ne
632;13,5;-68,1;7,02;4,14;Negativno;Ne
633;7,3;-65,8;6,87;4,59;Negativno;Ne
634;11,1;-53,9;6,74;5,1;Negativno;Ne
635;2,0;-39,5;7,25;5,06;Negativno;Ne
636;7,9;-47,5;7,24;4,63;Negativno;Ne
637;11,0;-29,5;6,83;5,0;Negativno;Ne
638;10,7;-22,9;6,77;3,05;Negativno;Ne
639;6,2;-39,1;5,88;1,89;Negativno;Ne
640;12,3;-41,9;6,83;3,19;Negativno;Ne
641;5,3;-54,5;7,54;0,14;Negativno;Ne
642;11,4;-36,9;7,2;3,91;Negativno;Da
643;2,7;-62,7;7,0;4,37;Negativno;Ne
644;13,5;-68,5;7,28;1,54;Negativno;Ne
645;12,8;-47,4;8,1;3,1;Negativno;Ne
646;10,5;-39,9;7,34;4,24;Negativno;Ne
647;11,1;-49,6;6,95;4,38;Pozitivno;Ne
648;7,5;-22,5;6,76;1,36;Negativno;Ne
649;10,7;-75,6;7,09;0,19;Negativno;Da
650;6,5;-63,5;7,16;0,48;Negativno;Ne
651;4,9;-58,3;6,52;0,16;Negativno;Ne
652;4,5;-79,4;6,93;3,09;Negativno;Da
653;2,1;-57,8;6,22;1,26;Negativno;Ne
654;11,8;-48,7;7,23;5,47;Pozitivno;Ne
655;13,8;-58,9;7,0;1,38;Negativno;Ne
656;9,0;-45,1;6,55;3,6;Negativno;Ne
657;4,4;-58,6;7,88;1,05;Negativno;Ne
658;9,6;-40,0;8,19;4,08;Negativno;Ne
659;10,2;-9,8;6,44;6,568563959565992;Pozitivno;Da
660;1,7;-56,7;7,61;2,39;Negativno;Ne
661;3,4;-39,0;7,07;2,1;Negativno;Ne
662;9,6;-44,9;7,14;2,14;Negativno;Ne
663;1,5;-51,6;6,78;4,9;Pozitivno;Ne
664;8,6;-64,7;7,63;1,75;Negativno;Ne
665;8,0;-66,6;7,78;1,74;Negativno;Ne
666;9,7;-61,2;6,7;5,62;Negativno;Ne
667;11,0;-72,3;8,04;4,03;Negativno;Ne
668;10,5;-56,3;6,75;1,13;Negativno;Ne
669;3,6;-54,1;6,32;4,1;Negativno;Ne
670;4,2;-52,7;7,24;5,65;Negativno;Ne
671;2,3;-49,0;7,24;4,55;Negativno;Ne
672;4,9;-56,1;7,11;2,57;Negativno;Ne
673;1,7;-75,1;6,65;0,5;Negativno;Ne
674;1,8;-72,3;7,86;3,81;Negativno;Ne
675;2,4;-65,4;7,63;0,29;Negativno;Ne
676;11,5;-58,8;7,07;1,33;Negativno;Ne
677;2,3;-41,7;6,48;1,02;Negativno;Ne
678;2,1;-78,3;6,27;1,11;Pozitivno;Ne
679;2,0;-50,0;7,44;4,04;Negativno;Ne
680;5,8;-56,1;7,14;1,9;Negativno;Ne
681;11,9;-54,7;6,8;5,54;Pozitivno;Ne
682;9,6;-85,2;7,39;4,92;Negativno;Ne
683;6,4;-44,5;7,53;4,15;Negativno;Ne
684;2,3;-43,5;7,47;0,22;Negativno;Ne
685;9,3;-27,6;7,09;0,75;Negativno;Ne
686;8,7;-60,8;6,73;0,38;Negativno;Ne
687;5,9;-70,4;6,79;4,32;Negativno;Ne
688;9,8;-57,1;6,99;4,94;Negativno;Ne
689;3,8;-19,8;7,52;2,92;Negativno;Ne
690;6,7;-27,5;6,04;2,97;Negativno;Ne
691;13,3;-63,3;6,83;0,69;Negativno;Ne
692;12,5;-52,2;6,85;3,73;Negativno;Ne
693;4,2;-60,9;7,07;1,74;Negativno;Ne
694;4,2;-43,9;7,02;3,01;Negativno;Ne
695;6,2;-30,1;7,09;5,33;Negativno;Ne
696;11,8;-13,8;7,25;4,58;Negativno;Ne
697;14,6;-69,6;6,88;2,39;Negativno;Ne
698;10,8;-32,7;6,62;1,94;Negativno;Ne
699;6,4;-21,6;6,61;0,23;Negativno;Da
700;0,7;-66,2;6,9;0,19;Negativno;Ne
701;13,8;-39,9;7,34;4,31;Negativno;Ne
702;9,5;-58,3;7,02;4,13;Pozitivno;Ne
703;1,3;-33,1;6,94;2,76;Negativno;Ne
704;11,8;-40,1;7,11;2,4;Negativno;Ne
705;4,5;-40,0;7,56;5,52;Pozitivno;Ne
706;13,4;-21,4;6,54;2,85;Negativno;Ne
707;4,0;-46,3;7,63;3,3;Negativno;Ne
708;1,8;-47,7;7,0;3,36;Negativno;Ne
709;4,0;-57,2;6,6;1,09;Negativno;Ne
710;1,1;-48,6;7,42;2,81;Negativno;Ne
711;4,0;-68,8;7,48;1,81;Negativno;Ne
712;9,2;-55,8;6,59;2,72;Negativno;Da
713;12,9;-75,3;6,99;5,09;Negativno;Ne
714;11,2;-43,5;6,97;2,18;Negativno;Ne
715;12,3;-20,4;6,63;5,94;Negativno;Ne
716;12,9;-33,1;7,52;5,29;Negativno;Ne
717;14,6;-86,3;6,9;5,02;Negativno;Ne
718;2,5;-43,8;7,17;2,19;Negativno;Ne
719;10,9;-58,1;7,02;2,6;Negativno;Ne
720;5,9;-51,6;7,52;2,97;Negativno;Ne
721;12,9;-54,2;6,62;4,73;Negativno;Ne
722;13,5;-52,7;6,56;0,39;Negativno;Ne
723;7,3;-24,0;5,93;4,74;Negativno;Ne
724;2,7;-34,2;7,13;4,69;Negativno;Ne
725;12,4;-48,3;7,06;3,07;Negativno;Ne
726;9,0;-52,4;6,83;5,04;Negativno;Ne
727;3,6;-73,3;6,93;3,5;Negativno;Ne
728;12,2;-77,8;7,62;0,78;Negativno;Ne
729;3,0;-69,5;7,02;3,51;Negativno;Ne
730;1,6;-54,5;6,32;2,71;Negativno;Ne
731;0,5;-47,5;6,55;3,86;Negativno;Ne
732;6,0;-39,3;7,27;2,12;Negativno;Ne
733;6,0;-60,8;6,86;3,94;Negativno;Ne
734;7,0;-68,6;7,28;0,54;Negativno;Ne
735;11,4;-19,1;7,76;7,401426868028929;Pozitivno;Da
736;4,1;-45,9;6,07;3,1;Negativno;Ne
737;7,6;-77,8;7,71;3,98;Pozitivno;Ne
738;7,0;-67,0;7,76;1,15;Negativno;Ne
739;12,0;-52,1;6,53;2,38;Pozitivno;Ne
740;6,6;-50,1;6,61;3,54;Negativno;Ne
741;11,6;-65,9;6,25;3,84;Negativno;Ne
742;5,2;-60,9;6,84;4,96;Negativno;Ne
743;13,4;-64,9;6,38;3,19;Negativno;Ne
744;11,4;-29,5;6,44;3,16;Pozitivno;Da
745;9,8;-41,9;6,11;5,81;Negativno;Ne
746;11,3;-51,7;7,28;2,83;Negativno;Ne
747;6,5;-15,7;7,44;5,87;Negativno;Ne
748;10,5;-49,2;6,31;4,66;Negativno;Ne
749;3,3;-59,2;6,69;3,94;Negativno;Ne
750;9,7;-33,9;6,6;0,22;Negativno;Ne
751;3,8;-51,6;6,92;0,62;Negativno;Ne
752;6,7;-40,6;7,22;1,81;Negativno;Ne
753;11,9;-52,8;6,75;5,87;Negativno;Ne
754;1,3;-6,6;7,22;9,998563959565992;Pozitivno;Da
755;3,3;-40,7;6,93;0,17;Negativno;Da
756;2,1;-69,1;7,2;2,0;Negativno;Ne
757;2,6;-64,8;7,33;4,37;Negativno;Ne
758;11,1;-30,6;6,31;1,28;Negativno;Ne
759;14,4;-6,4;7,2;10,058563959565992;Pozitivno;Da
760;12,7;-23,2;7,05;4,94;Negativno;Ne
761;12,8;-45,7;8,24;2,89;Negativno;Ne
762;6,9;-36,1;7,26;4,77;Negativno;Ne
763;3,0;-32,4;7,92;3,84;Negativno;Ne
764;11,0;-53,8;7,59;3,51;Negativno;Ne
765;1,2;-40,5;7,28;4,7;Negativno;Ne
766;2,4;-69,2;6,86;1,61;Negativno;Ne
767;10,0;-27,9;6,59;1,03;Negativno;Ne
768;1,8;-16,2;7,09;7,711426868028928;Pozitivno;Da
769;3,6;-50,1;7,04;1,27;Negativno;Ne
770;2,7;-64,8;7,36;5,55;Negativno;Ne
771;10,9;-59,7;5,69;1,68;Negativno;Ne
772;10,3;-51,6;6,96;4,07;Negativno;Ne
773;11,3;-30,5;6,95;2,12;Negativno;Ne
774;8,2;-12,0;7,45;10,358563959565991;Pozitivno;Da
775;4,5;-42,2;7,42;4,92;Negativno;Ne
776;9,6;-35,8;7,6;0,57;Negativno;Ne
777;14,5;-29,9;6,38;5,7;Negativno;Ne
778;5,2;-69,8;6,8;5,06;Negativno;Ne
779;14,0;-84,0;6,37;0,56;Pozitivno;Ne
780;7,0;-53,2;7,09;5,78;Negativno;Ne
781;9,6;-42,8;6,98;5,15;Negativno;Ne
782;0,6;-49,0;7,53;2,06;Negativno;Ne
783;5,0;-50,6;7,33;3,49;Negativno;Ne
784;6,2;-52,6;7,18;4,86;Negativno;Ne
785;5,2;-64,2;7,08;1,48;Negativno;Da
786;3,7;-48,3;6,59;3,99;Negativno;Ne
787;2,8;-70,4;5,73;4,71;Negativno;Ne
788;13,2;-29,7;6,88;3,26;Negativno;Ne
789;13,6;-38,7;7,37;4,03;Negativno;Ne
790;13,8;-78,6;6,64;1,94;Negativno;Ne
791;11,4;-60,5;6,76;5,43;Negativno;Ne
792;3,3;-49,7;6,67;1,68;Negativno;Ne
793;5,6;-32,2;6,61;1,56;Negativno;Ne
794;6,7;-47,6;6,32;2,45;Negativno;Ne
795;12,4;-41,9;6,01;1,17;Negativno;Ne
796;2,8;-36,1;7,05;4,16;Negativno;Ne
797;10,1;-59,3;6,68;2,37;Negativno;Ne
798;9,5;-51,3;6,28;4,79;Negativno;Ne
799;4,5;-86,7;7,42;2,65;Negativno;Ne
800;11,6;-70,0;7,25;3,36;Negativno;Ne
801;0,2;-94,5;6,6;4,34;Negativno;Ne
802;2,7;-99,7;7,08;2,6;Negativno;Ne
803;6,5;-37,1;7,29;2,35;Negativno;Ne
804;12,4;-47,9;7,4;4,73;Negativno;Ne
805;11,7;-52,2;7,08;0,73;Negativno;Ne
806;0,8;-55,4;6,79;3,7;Negativno;Ne
807;1,7;-50,2;7,04;4,95;Negativno;Ne
808;12,3;-75,5;8,08;3,58;Negativno;Ne
809;4,4;-35,3;7,64;4,16;Negativno;Ne
810;11,6;-52,0;6,97;5,02;Negativno;Ne
811;3,7;-47,8;7,16;3,78;Negativno;Ne
812;1,9;-55,8;6,44;1,72;Negativno;Ne
813;12,7;-61,0;7,39;0,26;Negativno;Ne
814;7,2;-43,9;6,49;5,13;Negativno;Ne
815;2,2;-52,5;6,67;4,21;Negativno;Ne
816;2,9;-61,1;6,63;4,47;Negativno;Ne
817;11,8;-33,5;7,62;2,12;Negativno;Ne
818;1,5;-19,3;6,68;5,55;Negativno;Ne
819;11,3;-47,1;7,33;2,3;Negativno;Da
820;13,1;-27,8;7,18;4,48;Negativno;Ne
821;13,2;-54,0;6,45;4,45;Negativno;Ne
822;0,3;-52,9;6,94;5,28;Negativno;Ne
823;3,4;-76,5;7,09;5,23;Negativno;Ne
824;4,3;-27,7;6,97;3,93;Negativno;Da
825;2,5;-45,6;7,2;4,25;Negativno;Ne
826;15,0;-89,3;6,96;3,9;Negativno;Da
827;0,6;-73,5;7,37;4,32;Negativno;Ne
828;0,4;-16,4;6,71;4,81;Negativno;Ne
829;11,8;-55,3;6,94;4,4;Negativno;Ne
830;2,2;-71,7;7,16;0,49;Negativno;Ne
831;5,2;-48,0;7,17;5,39;Negativno;Ne
832;6,3;-43,5;7,72;3,12;Negativno;Ne
833;5,7;-53,6;7,71;4,89;Negativno;Ne
834;14,2;-45,8;6,82;4,79;Negativno;Ne
835;0,3;-27,6;7,36;3,26;Negativno;Ne
836;10,6;-39,8;7,03;4,24;Pozitivno;Ne
837;11,3;-51,7;6,48;3,97;Negativno;Ne
838;3,9;-23,6;7,09;2,8;Negativno;Ne
839;12,2;-57,7;6,56;0,51;Negativno;Ne
840;5,4;-58,8;6,46;2,7;Negativno;Ne
841;2,6;-55,0;6,81;0,99;Negativno;Ne
842;13,4;-48,6;6,98;4,04;Negativno;Ne
843;3,5;-67,8;6,82;0,9;Pozitivno;Ne
844;10,8;-58,7;7,01;0,62;Negativno;Ne
845;0,2;-30,2;6,39;0,44;Negativno;Da
846;0,9;-75,7;6,4;4,14;Negativno;Ne
847;3,4;-55,0;7,27;5,31;Negativno;Ne
848;13,9;-17,5;7,11;3,73;Negativno;Ne
849;6,3;-35,0;5,91;4,11;Negativno;Ne
850;5,2;-57,3;7,05;4,45;Negativno;Ne
851;11,5;-54,8;7,08;5,1;Negativno;Ne
852;7,0;-43,0;7,93;4,52;Negativno;Ne
853;14,4;-56,2;7,28;3,41;Negativno;Ne
854;14,4;-46,9;6,17;3,77;Negativno;Ne
855;8,7;-56,3;7,27;0,13;Negativno;Ne
856;4,9;-50,6;7,46;2,66;Negativno;Ne
857;12,5;-33,3;6,88;2,34;Negativno;Ne
858;7,9;-46,8;6,22;5,88;Negativno;Ne
859;3,2;-47,8;6,82;5,21;Negativno;Da
860;12,7;-58,5;6,75;2,68;Pozitivno;Ne
861;4,9;-64,6;7,44;3,61;Negativno;Ne
862;11,5;-75,1;7,64;2,89;Negativno;Ne
863;4,8;-51,2;6,96;0,86;Negativno;Ne
864;1,2;-63,4;7,32;3,11;Pozitivno;Ne
865;14,0;-65,3;7,56;4,85;Negativno;Ne
866;6,2;-42,9;6,16;5,04;Negativno;Ne
867;7,2;-24,7;7,3;5,04;Negativno;Ne
868;10,8;-42,3;8,49;0,2;Negativno;Ne
869;1,7;-56,5;6,92;4,12;Negativno;Ne
870;4,7;-57,8;6,77;0,68;Negativno;Ne
871;6,3;-50,8;7,02;4,68;Negativno;Ne
872;9,0;-46,0;7,29;1,86;Negativno;Ne
873;10,0;-38,1;6,91;3,9;Negativno;Ne
874;2,6;-55,9;7,42;0,23;Negativno;Ne
875;1,4;-61,8;7,66;1,36;Negativno;Ne
876;3,3;-53,6;6,83;1,37;Negativno;Ne
877;13,8;-74,2;6,77;2,81;Negativno;Ne
878;6,1;-48,9;6,48;5,53;Negativno;Ne
879;11,8;-62,6;7,06;5,74;Negativno;Ne
880;9,5;-33,2;6,74;4,75;Negativno;Da
881;1,7;-58,3;6,95;1,6;Negativno;Ne
882;11,8;-33,2;6,39;2,9;Negativno;Ne
883;11,5;-37,2;7,21;3,29;Pozitivno;Ne
884;14,6;-76,2;7,81;0,72;Negativno;Ne
885;10,4;-59,5;7,4;5,77;Negativno;Ne
886;7,2;-45,7;6,88;0,98;Negativno;Ne
887;8,5;-53,8;6,53;3,44;Negativno;Da
888;8,6;-53,5;6,76;5,55;Negativno;Ne
889;13,4;-81,6;6,84;0,57;Pozitivno;Ne
890;6,0;-34,2;6,31;1,12;Negativno;Ne
891;6,0;-62,6;6,58;5,08;Negativno;Ne
892;12,9;-24,5;7,26;0,92;Negativno;Ne
893;2,9;-5,4;6,68;8,061426868028928;Pozitivno;Da
894;10,9;-48,9;6,53;2,24;Negativno;Ne
895;12,5;-44,2;6,83;2,05;Negativno;Ne
896;9,5;-48,6;7,25;5,62;Negativno;Ne
897;10,6;-35,7;7,1;1,83;Negativno;Ne
898;1,9;-17,8;7,48;1,74;Negativno;Ne
899;7,3;-5,0;7,84;2,48;Negativno;Ne
900;8,6;-52,0;6,94;4,08;Negativno;Da
901;0,6;-38,2;8,04;0,47;Negativno;Ne
902;1,0;-41,2;7,18;2,8;Negativno;Ne
903;4,1;-41,5;6,47;1,39;Negativno;Ne
904;13,6;-58,0;6,94;4,95;Negativno;Ne
905;6,0;-55,4;7,8;1,43;Pozitivno;Ne
906;6,9;-38,4;6,21;2,1;Negativno;Ne
907;12,1;-52,9;7,28;2,71;Negativno;Ne
908;1,1;-75,1;6,13;2,44;Negativno;Ne
909;10,8;-45,4;7,35;4,07;Negativno;Ne
910;7,7;-35,3;7,37;3,17;Negativno;Ne
911;12,7;-51,1;5,95;5,71;Negativno;Ne
912;11,9;-24,8;7,52;5,87;Negativno;Ne
913;7,3;-58,0;7,4;1,22;Negativno;Ne
914;7,1;-56,0;7,26;4,1;Negativno;Ne
915;8,8;-35,9;6,81;3,73;Negativno;Ne
916;5,4;-62,5;6,03;3,85;Negativno;Ne
917;9,0;-43,4;7,45;5,45;Negativno;Ne
918;4,7;-49,2;6,77;2,04;Negativno;Ne
919;3,7;-62,7;6,61;3,56;Negativno;Ne
920;6,9;-77,4;6,02;3,68;Negativno;Ne
921;3,4;-55,3;6,44;1,1;Negativno;Ne
922;6,0;-38,2;7,36;4,71;Negativno;Ne
923;3,7;-46,2;5,68;2,63;Negativno;Ne
924;7,4;-52,6;7,35;2,33;Pozitivno;Da
925;1,9;-64,9;7,58;3,89;Negativno;Ne
926;12,6;-43,6;6,1;4,76;Negativno;Ne
927;12,7;-43,8;6,3;2,17;Negativno;Ne
928;11,4;-68,6;6,16;5,15;Negativno;Ne
929;10,2;-55,8;7,03;3,6;Negativno;Ne
930;2,2;-70,1;7,24;0,84;Negativno;Ne
931;10,6;-49,0;6,79;2,73;Negativno;Ne
932;12,5;-45,6;6,82;2,79;Negativno;Da
933;5,8;-61,9;7,07;4,66;Negativno;Ne
934;2,6;-55,2;7,7;0,89;Negativno;Da
935;11,8;-44,4;6,93;0,24;Negativno;Ne
936;1,9;-61,2;6,83;1,14;Negativno;Da
937;10,2;-48,9;6,77;3,56;Negativno;Ne
938;12,6;-73,1;7,2;4,57;Negativno;Ne
939;11,4;-42,6;6,92;5,88;Negativno;Ne
940;11,8;-62,7;6,87;4,91;Negativno;Ne
941;1,0;-32,9;6,77;1,33;Negativno;Ne
942;4,0;-39,8;6,4;2,43;Negativno;Ne
943;8,0;-49,1;7,48;4,19;Negativno;Ne
944;0,1;-50,4;6,39;0,49;Pozitivno;Ne
945;0,3;-41,4;6,5;1,58;Negativno;Ne
946;13,1;-57,3;7,15;3,53;Negativno;Ne
947;9,3;-58,8;7,02;0,73;Negativno;Ne
948;0,5;-38,3;6,92;3,68;Negativno;Ne
949;9,5;-51,1;6,67;0,64;Negativno;Ne
950;4,8;-69,0;6,75;5,02;Negativno;Ne
951;7,5;-39,1;6,91;5,4;Negativno;Ne
952;6,6;-46,4;7,33;3,73;Negativno;Da
953;10,0;-71,7;6,11;2,03;Negativno;Ne
954;8,8;-76,1;6,63;5,89;Negativno;Ne
955;2,8;-35,4;7,87;3,75;Negativno;Ne
956;9,7;-40,9;6,86;0,58;Negativno;Ne
957;14,4;-84,3;7,63;4,73;Negativno;Ne
958;4,5;-51,0;7,12;4,52;Negativno;Ne
959;11,7;-19,2;7,38;1,87;Negativno;Ne
960;1,9;-14,2;7,76;0,73;Negativno;Ne
961;4,2;-38,7;6,91;2,88;Negativno;Ne
962;13,4;-50,1;6,75;3,45;Negativno;Ne
963;4,0;-36,1;7,27;1,31;Negativno;Ne
964;5,0;-52,9;7,44;0,45;Negativno;Ne
965;1,2;-56,1;6,73;3,15;Negativno;Ne
966;6,9;-51,3;7,76;4,7;Negativno;Ne
967;12,6;-65,2;6,94;2,77;Negativno;Ne
968;0,8;-65,5;6,09;2,06;Negativno;Ne
969;6,1;-53,8;6,61;1,47;Pozitivno;Ne
970;6,3;-70,2;7,4;1,9;Negativno;Ne
971;12,0;-39,7;7,43;1,15;Negativno;Ne
972;9,5;-56,1;7,18;2,53;Negativno;Ne
973;6,8;-68,0;7,43;3,67;Negativno;Ne
974;12,1;-85,1;6,19;3,55;Negativno;Ne
975;5,3;-70,9;7,48;2,24;Negativno;Da
976;3,6;-46,8;6,32;4,9;Negativno;Ne
977;8,2;-68,6;7,04;2,98;Negativno;Ne
978;6,6;-59,4;6,77;2,08;Negativno;Ne
979;14,6;-17,5;7,14;9,261426868028929;Pozitivno;Da
980;3,0;-31,7;7,1;5,97;Negativno;Da
981;7,3;-46,1;7,04;3,85;Negativno;Ne
982;7,6;-58,0;6,59;5,65;Negativno;Ne
983;1,0;-37,7;6,82;2,51;Negativno;Ne
984;2,7;-58,1;6,05;2,01;Negativno;Ne
985;10,5;-42,8;6,9;4,08;Negativno;Ne
986;11,7;-58,2;7,7;2,72;Negativno;Ne
987;12,4;-55,6;8,04;1,21;Pozitivno;Ne
988;2,3;-43,6;6,71;3,14;Negativno;Da
989;14,6;-40,0;7,05;3,56;Negativno;Ne
990;1,8;-37,6;6,35;4,06;Negativno;Ne
991;6,9;-43,1;5,99;5,85;Negativno;Ne
992;4,1;-42,1;7,56;4,59;Negativno;Ne
993;2,2;-27,2;8,09;5,52;Negativno;Ne
994;12,9;-55,4;6,16;0,39;Negativno;Ne
995;12,8;-71,6;7,35;0,8;Negativno;Ne
996;5,5;-48,8;7,38;2,26;Negativno;Ne
997;6,9;-50,8;6,54;2,58;Negativno;Ne
998;11,3;-39,2;7,33;3,54;Negativno;Ne
999;3,6;-41,8;7,19;5,97;Negativno;Ne
1000;13,6;-17,1;7,08;5,82;Pozitivno;Ne
1001;9,0;-71,0;6,51;1,9;Negativno;Ne
1002;2,5;-45,6;7,55;1,69;Negativno;Ne
1003;1,1;-34,3;6,95;5,82;Negativno;Ne
1004;10,3;-49,8;6,51;1,53;Negativno;Ne
1005;7,3;-40,7;7,09;5,36;Pozitivno;Ne
1006;12,6;-39,9;6,24;1,93;Negativno;Ne
1007;1,8;-9,0;7,1;2,36;Negativno;Ne
1008;10,6;-21,6;7,7;4,02;Negativno;Ne
1009;13,7;-55,1;7,44;0,84;Negativno;Ne
1010;6,2;-38,9;6,4;5,39;Negativno;Ne
1011;10,8;-55,2;7,11;0,53;Negativno;Ne
1012;8,2;-64,3;7,34;4,37;Negativno;Ne
1013;6,8;-28,1;6,73;1,93;Negativno;Ne
1014;11,8;-46,1;7,28;2,09;Negativno;Ne
1015;1,5;-64,9;6,5;5,48;Negativno;Ne
1016;2,6;-65,2;6,87;0,15;Negativno;Ne
1017;9,6;-42,2;7,45;1,63;Negativno;Ne
1018;14,2;-68,1;6,39;1,03;Negativno;Ne
1019;6,3;-65,5;6,89;3,71;Negativno;Ne
1020;7,6;-35,8;6,38;3,3;Negativno;Ne
1021;8,9;-44,9;7,03;0,57;Negativno;Da
1022;2,0;-50,3;7,65;3,68;Negativno;Ne
1023;6,4;-52,5;6,48;5,43;Negativno;Ne
1024;10,4;-47,9;7,28;3,28;Negativno;Ne
1025;10,0;-22,7;6,95;5,52;Negativno;Ne
1026;14,4;-58,7;6,96;2,94;Negativno;Ne
1027;10,5;-27,8;7,85;4,37;Negativno;Ne
1028;8,8;-53,4;7,08;0,46;Negativno;Ne
1029;10,0;-36,7;8,18;3,96;Negativno;Ne
1030;10,1;-65,6;6,65;5,26;Negativno;Ne
1031;6,9;-16,2;6,52;4,75;Negativno;Ne
1032;10,4;-82,6;7,39;5,37;Negativno;Ne
1033;12,9;-48,2;6,73;4,15;Pozitivno;Ne
1034;4,3;-68,7;7,06;4,12;Negativno;Ne
1035;8,3;-70,9;7,32;2,16;Negativno;Ne
1036;4,8;-55,0;6,81;4,47;Negativno;Ne
1037;14,5;-41,3;6,22;4,27;Negativno;Da
1038;12,4;-40,3;7,12;4,41;Negativno;Da
1039;0,9;-51,0;6,97;1,97;Negativno;Ne
1040;2,1;-63,6;6,75;2,1;Negativno;Ne
1041;12,1;-62,1;6,81;0,8;Negativno;Ne
1042;12,3;-35,7;7,17;5,82;Negativno;Da
1043;10,5;-55,0;7,05;1,43;Negativno;Ne
1044;10,4;-65,3;6,19;5,56;Negativno;Ne
1045;9,5;-50,2;6,88;3,07;Negativno;Ne
1046;7,5;-51,2;7,03;5,82;Negativno;Ne
1047;6,4;-48,0;7,89;0,27;Negativno;Ne
1048;11,3;-7,3;7,3;6,871426868028928;Pozitivno;Da
1049;7,2;-34,4;7,22;5,71;Negativno;Ne
1050;14,8;-64,6;6,94;1,44;Negativno;Ne
1051;5,1;-36,1;6,91;4,32;Negativno;Ne
1052;1,3;-57,7;7,1;3,61;Negativno;Ne
1053;11,7;-66,8;6,72;4,32;Negativno;Ne
1054;4,3;-34,5;7,5;3,23;Negativno;Ne
1055;8,0;-44,7;7,32;1,13;Negativno;Ne
1056;3,7;-43,7;6,93;3,84;Negativno;Ne
1057;6,3;-55,6;7,04;2,99;Negativno;Ne
1058;10,8;-6,8;8,16;0,94;Negativno;Ne
1059;2,4;-71,2;6,87;2,97;Negativno;Ne
1060;3,5;-31,8;6,7;2,61;Negativno;Ne
1061;7,2;-63,8;5,92;2,92;Pozitivno;Ne
1062;1,0;-41,5;7,08;2,71;Negativno;Ne
1063;11,8;-54,7;7,2;1,57;Negativno;Ne
1064;14,6;-54,0;7,56;2,44;Negativno;Ne
1065;5,6;-40,7;6,1;5,09;Negativno;Ne
1066;4,8;-41,5;6,56;4,9;Negativno;Ne
1067;9,8;-39,9;7,11;2,95;Negativno;Ne
1068;5,1;-39,3;6,69;1,7;Negativno;Ne
1069;3,7;-46,7;6,31;1,33;Negativno;Ne
1070;1,9;-41,9;7,09;1,07;Negativno;Ne
1071;10,9;-42,8;6,13;4,05;Negativno;Ne
1072;2,0;-54,7;7,5;2,17;Negativno;Ne
1073;13,0;-46,7;5,94;0,75;Negativno;Ne
1074;13,7;-38,4;6,86;4,27;Negativno;Ne
1075;3,1;-47,9;6,88;2,96;Negativno;Ne
1076;11,3;-88,5;7,17;5,95;Negativno;Ne
1077;3,7;-35,2;7,7;5,64;Negativno;Ne
1078;3,4;-43,3;6,59;1,43;Negativno;Ne
1079;11,2;-44,0;7,86;4,11;Negativno;Ne
1080;5,8;-55,3;7,02;3,3;Negativno;Ne
1081;14,8;-51,3;6,85;0,19;Negativno;Ne
1082;2,9;-51,0;7,35;4,78;Negativno;Ne
1083;4,7;-51,1;6,72;3,51;Negativno;Ne
1084;11,2;-39,2;6,38;2,69;Negativno;Ne
1085;5,6;-18,3;6,35;4,18;Negativno;Da
1086;3,8;-75,1;7,11;4,11;Negativno;Ne
1087;2,5;-41,4;7,2;0,78;Negativno;Ne
1088;9,9;-50,4;7,11;1,88;Negativno;Ne
1089;1,4;-79,3;6,72;3,14;Negativno;Ne
1090;8,2;-43,2;7,76;3,2;Negativno;Ne
1091;5,4;-37,7;6,86;0,98;Negativno;Ne
1092;6,5;-59,9;6,67;0,35;Negativno;Ne
1093;13,8;-41,5;7,53;2,55;Negativno;Ne
1094;3,3;-35,7;7,15;1,77;Negativno;Ne
1095;2,0;-54,1;7,45;4,04;Negativno;Ne
1096;4,2;-10,8;7,75;6,101426868028929;Pozitivno;Da
1097;14,2;-46,1;7,8;2,9;Negativno;Ne
1098;10,5;-27,1;6,52;2,21;Negativno;Ne
1099;8,3;-60,2;6,92;3,12;Negativno;Ne
1100;4,4;-48,1;7,84;4,69;Negativno;Ne
1101;5,8;-81,1;6,61;5,74;Negativno;Ne
1102;3,1;-58,5;7,63;5,33;Pozitivno;Ne
1103;1,9;-62,6;7,48;4,42;Negativno;Da
1104;5,7;-45,0;6,88;3,3;Negativno;Ne
1105;0,7;-10,2;7,29;0,53;Negativno;Ne
1106;11,4;-52,0;7,27;3,82;Negativno;Ne
1107;7,5;-33,8;7,55;4,3;Negativno;Ne
1108;5,3;-46,5;7,34;1,85;Negativno;Ne
1109;7,9;-34,4;7,45;3,74;Negativno;Ne
1110;10,8;-41,1;6,41;2,45;Negativno;Ne
1111;12,2;-64,7;7,95;2,38;Negativno;Ne
1112;13,9;-66,0;7,39;4,75;Negativno;Ne
1113;10,3;-38,6;7,58;4,78;Negativno;Ne
1114;11,1;-30,3;6,43;2,39;Negativno;Ne
1115;10,1;-90,4;6,27;1,98;Negativno;Ne
1116;12,0;-15,5;8,04;3,85;Negativno;Ne
1117;1,8;-49,4;7,6;0,72;Negativno;Ne
1118;10,1;-54,5;6,71;2,02;Negativno;Da
1119;13,8;-14,8;6,79;6,041426868028928;Pozitivno;Da
1120;4,8;-46,5;7,36;2,26;Negativno;Ne
1121;1,5;-18,0;7,11;8,448563959565991;Pozitivno;Da
1122;8,0;-6,1;6,81;2,52;Negativno;Ne
1123;5,7;-51,1;6,63;2,43;Negativno;Da
1124;10,1;-13,7;6,61;9,778563959565993;Pozitivno;Da
1125;2,5;-69,9;6,88;2,56;Negativno;Ne
1126;9,3;-31,9;6,82;1,86;Negativno;Ne
1127;5,5;-48,3;7,32;4,0;Pozitivno;Ne
1128;8,0;-43,9;6,76;3,86;Pozitivno;Ne
1129;8,7;-59,7;6,62;2,37;Negativno;Ne
1130;3,6;-37,9;6,6;3,64;Negativno;Ne
1131;6,5;-47,0;7,98;3,02;Negativno;Ne
1132;7,0;-63,5;6,95;5,92;Pozitivno;Ne
1133;6,3;-48,1;7,28;0,5;Negativno;Ne
1134;6,7;-60,0;6,18;4,8;Negativno;Ne
1135;2,9;-64,6;7,31;2,61;Negativno;Ne
1136;9,5;-68,2;6,44;5,27;Negativno;Ne
1137;5,0;-30,9;7,46;2,34;Negativno;Ne
1138;4,6;-29,1;7,83;4,77;Negativno;Ne
1139;3,3;-46,2;7,74;1,94;Negativno;Ne
1140;3,4;-54,9;6,84;5,08;Negativno;Ne
1141;0,6;-47,8;7,31;0,48;Negativno;Ne
1142;2,9;-44,5;6,69;1,48;Negativno;Da
1143;7,1;-55,9;6,85;2,35;Negativno;Ne
1144;10,2;-44,9;7,1;5,26;Negativno;Ne
1145;14,1;-67,1;6,92;3,53;Negativno;Da
1146;13,4;-50,6;7,25;2,5;Negativno;Ne
1147;5,6;-38,4;6,25;0,75;Negativno;Ne
1148;3,8;-67,2;6,88;3,84;Negativno;Ne
1149;3,7;-65,7;7,72;2,32;Negativno;Ne
1150;2,7;-5,2;6,52;6,9685639595659925;Pozitivno;Da
1151;9,0;-59,2;8,18;5,0;Negativno;Ne
1152;2,3;-49,5;6,4;1,68;Negativno;Ne
1153;4,3;-67,8;7,08;4,68;Negativno;Ne
1154;13,4;-47,6;6,38;5,44;Pozitivno;Ne
1155;9,8;-51,9;6,74;4,87;Negativno;Ne
1156;9,6;-38,3;7,08;0,73;Negativno;Ne
1157;2,5;-41,9;7,27;5,43;Negativno;Ne
1158;8,5;-57,1;7,0;0,9;Negativno;Ne
1159;14,1;-47,5;6,64;0,92;Negativno;Ne
1160;11,9;-61,6;6,78;2,16;Negativno;Ne
1161;3,8;-47,0;6,17;4,45;Negativno;Ne
1162;6,2;-77,9;7,05;2,22;Negativno;Ne
1163;4,3;-63,8;7,08;1,89;Negativno;Ne
1164;3,3;-40,9;7,34;5,27;Negativno;Ne
1165;9,5;-53,7;6,82;4,92;Negativno;Ne
1166;13,3;-35,7;7,98;5,06;Negativno;Ne
1167;2,1;-36,2;6,46;0,34;Negativno;Ne
1168;8,8;-67,1;6,98;4,17;Negativno;Ne
1169;5,6;-68,5;6,64;3,79;Negativno;Ne
1170;4,6;-70,1;7,19;2,44;Negativno;Da
1171;1,1;-49,0;6,64;5,65;Negativno;Ne
1172;10,0;-34,5;6,67;2,4;Pozitivno;Ne
1173;13,1;-70,7;7,59;3,17;Negativno;Ne
1174;12,2;-60,0;6,45;0,42;Negativno;Ne
1175;10,9;-41,5;6,95;2,42;Negativno;Ne
1176;2,1;-61,7;6,79;2,48;Pozitivno;Ne
1177;4,4;-44,1;7,54;2,22;Negativno;Da
1178;2,2;-45,0;7,32;2,89;Negativno;Da
1179;5,9;-40,3;6,94;5,87;Negativno;Ne
1180;0,6;-37,6;7,73;1,06;Negativno;Ne
1181;8,0;-70,2;7,66;5,52;Negativno;Ne
1182;3,0;-57,8;7,31;3,17;Negativno;Ne
1183;14,8;-49,9;6,73;1,2;Negativno;Ne
1184;5,8;-15,0;6,31;5,94;Negativno;Ne
1185;6,8;-39,7;6,89;0,32;Negativno;Ne
1186;6,9;-41,8;7,06;1,86;Negativno;Ne
1187;2,4;-48,4;7,26;5,22;Negativno;Ne
1188;10,5;-58,7;6,51;3,25;Negativno;Ne
1189;9,0;-76,8;7,05;3,04;Pozitivno;Da
1190;5,1;-26,8;6,39;0,62;Pozitivno;Ne
1191;3,4;-49,8;6,07;0,67;Negativno;Ne
1192;0,4;-57,8;6,2;3,19;Negativno;Ne
1193;14,3;-46,3;6,29;1,88;Negativno;Ne
1194;13,9;-60,2;6,59;4,5;Negativno;Ne
1195;2,9;-58,2;7,22;0,51;Negativno;Ne
1196;4,9;-15,2;6,59;6,808563959565992;Pozitivno;Da
1197;7,2;-39,3;6,82;6,0;Negativno;Ne
1198;14,9;-32,6;7,83;3,88;Pozitivno;Ne
1199;10,0;-50,4;7,29;3,95;Negativno;Ne
1200;12,3;-66,9;6,72;4,54;Negativno;Ne
1201;2,3;-49,4;7,17;0,72;Negativno;Ne
1202;10,8;-48,6;7,02;2,57;Negativno;Ne
1203;15,0;-0,0;6,57;4,47;Negativno;Ne
1204;5,5;-34,0;8,06;5,96;Negativno;Ne
1205;0,9;-72,7;7,06;0,32;Negativno;Ne
1206;4,6;-21,5;7,31;2,62;Pozitivno;Ne
1207;3,6;-19,6;5,94;4,44;Negativno;Ne
1208;0,4;-52,7;6,91;1,82;Negativno;Ne
1209;2,3;-52,1;6,32;3,54;Negativno;Ne
1210;4,7;-42,9;6,69;2,35;Negativno;Ne
1211;8,2;-77,0;7,29;1,95;Negativno;Da
1212;13,0;-48,2;6,75;2,64;Negativno;Ne
1213;4,0;-38,0;7,07;0,38;Negativno;Ne
1214;1,3;-39,9;6,63;3,38;Negativno;Ne
1215;3,2;-48,6;7,25;3,69;Negativno;Ne
1216;0,5;-32,4;5,93;1,02;Negativno;Ne
1217;4,8;-67,0;6,88;3,66;Negativno;Ne
1218;2,7;-44,1;7,32;4,89;Negativno;Ne
1219;8,5;-48,2;6,76;4,17;Negativno;Ne
1220;14,2;-33,7;6,71;4,93;Negativno;Ne
1221;14,2;-52,3;6,76;0,74;Negativno;Ne
1222;6,0;-46,0;7,71;1,88;Negativno;Ne
1223;1,8;-36,3;6,73;5,7;Negativno;Ne
1224;8,7;-70,4;7,97;2,5;Negativno;Ne
1225;11,5;-58,0;7,27;4,69;Negativno;Ne
1226;2,5;-60,5;6,77;4,11;Negativno;Ne
1227;5,5;-48,0;7,33;0,83;Pozitivno;Ne
1228;0,5;-39,9;7,02;2,16;Negativno;Ne
1229;2,8;-60,8;7,91;5,3;Pozitivno;Ne
1230;4,7;-66,7;6,0;0,57;Negativno;Ne
1231;6,9;-57,7;6,77;2,09;Negativno;Ne
1232;9,3;-64,4;7,75;3,52;Negativno;Ne
1233;6,7;-50,1;7,8;5,55;Negativno;Ne
1234;5,0;-61,5;7,52;3,98;Negativno;Ne
1235;5,1;-58,7;6,51;4,15;Negativno;Ne
1236;9,5;-81,3;7,94;4,96;Negativno;Ne
1237;4,2;150,0;-2,0;5,0;Pozitivno;Ne
1238;13,6;-55,5;7,17;1,78;Negativno;Ne
1239;7,3;-73,7;6,92;3,2;Negativno;Ne
1240;4,6;-56,3;6,34;1,11;Negativno;Ne
1241;3,7;-24,8;6,26;3,79;Negativno;Ne
1242;0,1;-83,8;6,65;5,08;Negativno;Ne
1243;9,3;-48,2;6,81;1,49;Negativno;Ne
1244;5,4;-87,6;6,41;4,15;Negativno;Ne
1245;14,1;-59,0;8,27;5,55;Pozitivno;Ne
1246;7,3;-27,8;6,51;0,19;Negativno;Ne
1247;6,8;-55,5;7,06;2,71;Negativno;Da
1248;10,4;-10,6;6,99;6,201426868028928;Pozitivno;Da
1249;2,8;-65,0;6,86;4,55;Negativno;Ne
1250;8,9;-34,2;7,81;5,04;Negativno;Ne
1251;13,7;-67,6;6,52;2,17;Negativno;Ne
1252;13,4;-43,2;6,91;4,64;Negativno;Ne
1253;7,4;-50,8;7,7;2,33;Negativno;Ne
1254;13,1;-50,0;7,42;3,65;Negativno;Ne
1255;3,6;-60,4;7,41;4,65;Negativno;Ne
1256;8,4;-48,0;6,76;2,54;Negativno;Ne
1257;9,4;-70,5;7,05;0,72;Negativno;Ne
1258;3,0;-34,3;7,41;4,15;Negativno;Ne
1259;3,4;-65,6;7,18;5,96;Negativno;Ne
1260;12,8;-12,5;6,6;8,781426868028928;Pozitivno;Da
1261;7,1;-58,4;7,11;3,28;Negativno;Ne
1262;3,6;-51,1;7,31;0,91;Negativno;Ne
1263;0,9;-62,8;7,83;5,41;Pozitivno;Ne
1264;4,5;-18,6;6,19;4,121426868028928;Pozitivno;Da
1265;7,6;-33,6;6,99;5,55;Negativno;Ne
1266;1,6;-52,1;7,37;5,49;Negativno;Ne
1267;0,5;-31,3;6,95;2,0;Negativno;Ne
1268;7,0;-17,0;7,14;1,51;Negativno;Ne
1269;4,7;-72,0;7,08;5,66;Negativno;Ne
1270;4,1;-58,7;6,41;2,28;Negativno;Ne
1271;4,2;-32,4;7,87;0,13;Negativno;Ne
1272;11,6;-63,6;7,26;3,53;Negativno;Ne
1273;3,0;-60,0;6,23;1,66;Negativno;Da
1274;9,1;-78,9;7,25;2,86;Negativno;Ne
1275;7,8;-36,3;7,31;0,96;Negativno;Ne
1276;14,0;-41,3;6,96;1,55;Negativno;Ne
1277;10,6;-56,9;6,75;5,08;Negativno;Ne
1278;4,6;-18,5;7,55;0,39;Negativno;Ne
1279;12,3;-32,9;6,98;0,26;Negativno;Da
1280;10,3;-68,4;8,03;1,45;Negativno;Ne
1281;12,8;-26,0;7,47;0,61;Negativno;Ne
1282;4,8;-54,5;6,82;0,69;Negativno;Ne
1283;4,3;-80,0;7,01;3,2;Negativno;Ne
1284;11,1;-64,5;5,99;5,03;Negativno;Ne
1285;13,2;-58,2;8,09;1,1;Pozitivno;Ne
1286;9,6;-43,1;6,85;1,24;Negativno;Ne
1287;3,3;-41,9;5,88;3,54;Negativno;Ne
1288;2,9;-30,1;7,32;3,3;Negativno;Ne
1289;5,8;-36,5;7,54;2,09;Negativno;Ne
1290;8,5;-54,1;7,23;5,34;Negativno;Ne
1291;9,6;-84,8;7,17;2,53;Negativno;Ne
1292;14,1;-77,3;7,22;2,77;Negativno;Ne
1293;11,8;-52,6;6,27;3,05;Pozitivno;Ne
1294;1,5;-65,5;7,03;3,96;Negativno;Ne
1295;6,0;-54,1;6,58;1,57;Negativno;Ne
1296;6,7;-5,8;6,91;5,57;Negativno;Ne
1297;4,3;-56,2;6,89;4,11;Negativno;Ne
1298;10,8;-49,8;7,53;1,01;Negativno;Ne
1299;3,9;-45,8;8,11;1,18;Negativno;Ne
1300;13,0;-76,8;7,16;2,6;Negativno;Ne
1301;11,6;-59,3;6,91;4,23;Negativno;Ne
1302;1,4;-54,3;6,93;1,96;Negativno;Ne
1303;6,6;-53,8;7,15;5,36;Negativno;Ne
1304;7,6;-29,5;7,95;4,12;Negativno;Ne
1305;8,3;-43,5;7,03;2,1;Negativno;Ne
1306;8,1;-49,3;7,37;2,54;Negativno;Ne
1307;12,4;-60,7;5,96;0,85;Negativno;Ne
1308;14,8;-58,2;7,23;4,11;Negativno;Ne
1309;3,5;-39,9;9,0;4,18;Negativno;Da
1310;12,4;-43,7;7,53;2,81;Negativno;Ne
1311;5,0;-23,0;7,53;1,8;Negativno;Da
1312;13,8;-27,7;7,34;2,86;Negativno;Ne
1313;2,4;-64,8;6,56;3,63;Negativno;Ne
1314;10,7;-49,3;7,38;1,51;Negativno;Ne
1315;4,9;-21,6;6,22;1,63;Negativno;Ne
1316;4,0;-42,8;6,99;1,1;Negativno;Ne
1317;9,0;-62,3;7,2;5,36;Pozitivno;Ne
1318;9,0;-77,7;7,04;1,82;Negativno;Ne
1319;13,6;-69,8;7,29;2,77;Negativno;Ne
1320;8,6;-11,2;7,39;9,008563959565992;Pozitivno;Da
1321;9,8;-55,7;6,8;0,91;Pozitivno;Ne
1322;10,7;-29,4;6,72;0,53;Pozitivno;Ne
1323;6,5;150,0;-2,0;2,11;Pozitivno;Ne
1324;13,5;-38,8;7,05;5,03;Negativno;Ne
1325;2,4;-58,3;6,57;1,96;Negativno;Ne
1326;2,3;-32,7;6,58;2,52;Pozitivno;Ne
1327;4,5;-72,3;6,77;1,22;Negativno;Ne
1328;8,9;-45,1;7,19;3,57;Negativno;Ne
1329;11,1;-55,7;6,53;4,58;Negativno;Ne
1330;14,4;-59,3;6,92;4,17;Negativno;Ne
1331;6,8;-68,1;7,15;2,79;Negativno;Ne
1332;10,8;-56,7;7,54;2,05;Negativno;Ne
1333;10,6;-24,2;7,39;2,22;Negativno;Ne
1334;12,2;-46,1;7,48;3,38;Pozitivno;Ne
1335;0,8;-76,0;7,08;2,5;Negativno;Ne
1336;13,1;-50,3;7,19;2,11;Negativno;Ne
1337;7,0;-81,6;6,21;5,6;Negativno;Ne
1338;1,8;-36,8;7,52;0,83;Negativno;Ne
1339;2,3;-61,2;6,42;0,82;Negativno;Ne
1340;11,7;-71,1;6,23;2,45;Negativno;Ne
1341;11,4;-66,7;7,17;4,55;Pozitivno;Ne
1342;11,3;-65,3;6,24;4,3;Pozitivno;Ne
1343;2,9;-48,7;7,36;4,38;Negativno;Ne
1344;4,1;-35,1;6,57;0,11;Negativno;Ne
1345;3,4;-48,2;6,95;3,32;Negativno;Ne
1346;7,3;-68,8;7,18;4,83;Negativno;Ne
1347;0,7;-59,2;7,21;1,25;Negativno;Ne
1348;14,5;-77,5;7,02;3,59;Negativno;Ne
1349;3,8;-47,7;7,8;1,06;Negativno;Ne
1350;11,7;-51,1;7,13;4,57;Negativno;Ne
1351;3,3;-25,9;6,62;4,15;Negativno;Ne
1352;6,5;-71,8;8,04;3,87;Negativno;Ne
1353;7,5;-30,8;6,68;1,87;Negativno;Ne
1354;3,2;-54,5;7,15;2,79;Negativno;Ne
1355;10,9;-51,8;7,38;4,2;Negativno;Ne
1356;13,6;-81,0;7,06;0,37;Negativno;Da
1357;9,8;-80,1;6,57;4,22;Negativno;Ne
1358;0,6;-55,2;7,32;0,52;Negativno;Ne
1359;7,6;-69,9;6,78;4,79;Negativno;Ne
1360;2,0;-55,0;6,67;0,34;Negativno;Ne
1361;13,7;-39,5;7,35;3,29;Negativno;Ne
1362;1,1;-48,0;6,04;4,24;Negativno;Ne
1363;5,3;-49,9;7,1;1,04;Negativno;Ne
1364;7,8;-33,7;8,09;1,04;Pozitivno;Ne
1365;5,9;-66,2;6,44;4,62;Negativno;Ne
1366;0,5;-74,2;6,84;3,49;Negativno;Ne
1367;10,8;-64,3;7,39;3,44;Negativno;Da
1368;4,6;-41,9;6,75;1,82;Negativno;Ne
1369;1,0;-31,3;7,28;4,13;Negativno;Ne
1370;4,1;-31,0;6,99;0,14;Negativno;Ne
1371;0,7;-33,4;7,07;0,66;Negativno;Ne
1372;7,6;-67,9;6,78;2,9;Negativno;Da
1373;4,4;-52,4;7,23;3,59;Negativno;Ne
1374;5,3;-73,6;7,38;0,11;Negativno;Ne
1375;3,8;-27,0;7,59;5,01;Negativno;Ne
1376;9,6;-54,1;8,2;4,57;Negativno;Ne
1377;4,1;-43,5;7,38;1,68;Negativno;Ne
1378;9,9;-40,1;6,82;1,01;Negativno;Ne
1379;4,3;-73,8;6,31;0,22;Negativno;Ne
1380;12,3;-51,8;6,5;4,61;Negativno;Ne
1381;11,6;-39,4;6,81;0,45;Negativno;Ne
1382;5,6;-71,9;6,79;4,68;Negativno;Ne
1383;6,5;-24,9;6,93;2,15;Negativno;Ne
1384;6,0;-45,1;6,78;5,49;Negativno;Ne
1385;7,3;-64,8;5,84;1,4;Negativno;Ne
1386;7,7;-32,6;7,78;1,5;Negativno;Ne
1387;11,9;-72,7;7,28;2,75;Negativno;Ne
1388;11,3;-45,8;7,55;5,01;Negativno;Ne
1389;9,3;-59,1;6,97;3,23;Pozitivno;Ne
1390;2,6;-55,8;7,48;1,86;Negativno;Ne
1391;13,3;-57,1;6,21;2,18;Negativno;Ne
1392;7,0;-34,3;6,78;5,03;Negativno;Ne
1393;12,2;-50,4;7,87;5,55;Negativno;Ne
1394;13,7;-53,6;7,37;4,32;Negativno;Ne
1395;1,8;-46,0;6,7;5,71;Negativno;Ne
1396;4,0;-49,1;7,45;0,65;Negativno;Ne
1397;1,8;-53,4;7,08;1,77;Negativno;Ne
1398;2,6;-59,9;6,21;3,9;Negativno;Ne
1399;13,4;-87,6;7,12;3,35;Negativno;Ne
1400;10,7;-61,5;7,01;5,33;Negativno;Ne
1401;2,1;-44,1;7,03;3,24;Negativno;Ne
1402;10,4;-41,8;6,77;4,45;Negativno;Ne
1403;9,5;-78,5;6,86;3,22;Negativno;Ne
1404;4,5;-34,6;7,13;3,41;Negativno;Ne
1405;7,9;-81,1;6,79;3,12;Negativno;Ne
1406;3,1;-39,3;7,6;4,69;Negativno;Ne
1407;8,3;-22,4;7,28;3,95;Negativno;Da
1408;9,9;-33,7;8,01;4,94;Negativno;Ne
1409;4,5;-73,7;6,22;3,4;Negativno;Ne
1410;7,5;-6,0;7,15;7,048563959565993;Pozitivno;Da
1411;4,9;-46,5;6,91;4,72;Negativno;Ne
1412;13,0;-41,1;6,62;2,02;Negativno;Ne
1413;14,0;-53,8;6,49;3,61;Negativno;Ne
1414;5,3;-22,6;7,63;1,7;Negativno;Ne
1415;0,3;-79,5;7,87;1,85;Negativno;Ne
1416;6,3;-30,8;7,1;0,77;Pozitivno;Ne
1417;14,3;-46,8;7,22;0,69;Negativno;Ne
1418;11,0;-45,7;7,16;4,48;Negativno;Da
1419;10,6;-59,7;6,98;5,06;Negativno;Ne
1420;11,8;-56,0;6,86;1,05;Negativno;Ne
1421;11,8;-53,2;7,06;0,95;Negativno;Ne
1422;10,9;-36,5;6,82;0,3;Negativno;Ne
1423;11,1;-32,1;7,2;2,98;Negativno;Ne
1424;11,3;-40,0;7,33;4,84;Negativno;Ne
1425;3,5;-48,8;6,43;2,07;Negativno;Da
1426;14,1;-23,2;7,29;3,13;Negativno;Ne
1427;6,6;-53,8;6,86;2,15;Negativno;Ne
1428;4,8;-74,1;6,68;3,54;Negativno;Ne
1429;10,1;-51,8;7,19;4,8;Negativno;Ne
1430;3,0;-39,9;7,4;3,27;Negativno;Ne
1431;10,7;-45,0;7,95;1,19;Negativno;Ne
1432;3,2;-49,0;6,79;3,76;Negativno;Ne
1433;5,0;-52,9;6,66;0,58;Negativno;Ne
1434;13,4;-40,7;7,06;5,29;Negativno;Ne
1435;12,1;-48,6;7,41;3,31;Negativno;Ne
1436;3,8;-64,0;6,91;1,71;Negativno;Ne
1437;6,5;-54,3;6,49;1,44;Negativno;Ne
1438;6,7;-46,8;6,91;2,39;Negativno;Ne
1439;1,2;-15,9;6,61;0,67;Negativno;Da
1440;2,4;-29,8;6,56;5,84;Negativno;Ne
1441;0,8;-69,5;6,18;4,01;Negativno;Ne
1442;14,4;-61,4;6,49;5,41;Negativno;Ne
1443;3,8;-35,4;6,92;4,79;Pozitivno;Ne
1444;3,8;-55,3;7,18;1,44;Negativno;Ne
1445;13,8;-46,7;6,6;3,26;Negativno;Ne
1446;10,3;-33,8;6,44;1,76;Negativno;Ne
1447;11,9;-64,3;6,9;4,63;Negativno;Ne
1448;5,4;-50,5;7,09;0,88;Negativno;Ne
1449;10,7;-18,5;7,95;4,721426868028929;Pozitivno;Da
1450;6,5;-34,2;6,69;5,02;Pozitivno;Ne
1451;11,3;-50,4;7,04;0,43;Negativno;Ne
1452;5,2;-54,5;6,61;5,72;Negativno;Ne
1453;8,0;-66,0;7,43;3,91;Pozitivno;Ne
1454;1,7;-57,0;6,24;3,25;Negativno;Da
1455;6,1;-41,2;6,65;0,31;Negativno;Ne
1456;14,4;-26,2;7,68;5,32;Negativno;Ne
1457;7,7;-29,1;7,8;4,04;Negativno;Ne
1458;14,4;-65,2;6,96;2,67;Pozitivno;Ne
1459;1,7;-40,2;7,13;4,04;Negativno;Ne
1460;0,3;-43,5;7,05;4,69;Negativno;Ne
1461;1,4;-55,9;6,64;4,06;Negativno;Ne
1462;14,2;-57,7;6,65;2,36;Negativno;Ne
1463;5,4;-52,3;6,8;5,87;Negativno;Ne
1464;14,8;-50,4;7,56;4,41;Negativno;Da
1465;2,6;-29,5;6,71;1,94;Negativno;Ne
1466;8,0;-33,6;6,88;2,02;Negativno;Ne
1467;3,6;-32,8;6,67;4,38;Negativno;Ne
1468;12,7;-51,4;7,31;5,13;Pozitivno;Ne
1469;1,8;-35,5;6,52;5,23;Negativno;Ne
1470;13,6;-39,4;7,86;3,01;Negativno;Ne
1471;3,8;-37,5;7,36;4,54;Negativno;Ne
1472;12,1;-48,2;6,76;3,45;Negativno;Ne
1473;2,2;-29,8;7,1;4,44;Negativno;Ne
1474;10,4;-66,4;6,95;4,82;Negativno;Ne
1475;2,0;-68,9;7,24;1,75;Pozitivno;Ne
1476;3,4;-58,9;7,71;2,59;Pozitivno;Ne
1477;1,8;-69,8;6,73;3,19;Negativno;Ne
1478;7,0;-35,8;7,27;2,2;Negativno;Ne
1479;12,4;-37,6;7,3;3,6;Negativno;Ne
1480;10,2;-44,0;7,22;0,32;Pozitivno;Ne
1481;9,9;-68,0;6,77;3,76;Negativno;Ne
1482;3,9;-39,3;6,84;4,53;Pozitivno;Da
1483;11,7;-32,1;7,69;1,21;Negativno;Ne
1484;4,4;-45,8;6,59;1,32;Negativno;Ne
1485;5,3;-18,0;6,98;2,04;Negativno;Ne
1486;6,3;-32,8;7,05;5,8;Negativno;Ne
1487;8,1;-40,5;7,15;4,38;Negativno;Ne
1488;6,1;-61,7;6,67;3,18;Negativno;Ne
1489;13,0;-46,3;7,14;5,31;Negativno;Ne
1490;9,5;-50,2;7,16;5,28;Negativno;Ne
1491;4,5;-43,5;7,05;3,56;Negativno;Ne
1492;11,9;-36,8;7,06;0,83;Pozitivno;Ne
1493;4,0;-46,2;6,96;1,13;Negativno;Ne
1494;11,5;-58,8;6,54;5,24;Negativno;Ne
1495;4,4;-57,5;6,47;4,46;Negativno;Ne
1496;10,1;-38,7;7,18;1,37;Negativno;Ne
1497;5,6;-45,7;6,6;4,08;Negativno;Ne
1498;14,5;-42,5;7,2;5,56;Negativno;Ne
1499;14,7;-40,3;6,3;5,19;Negativno;Ne
1500;7,3;-53,6;6,85;4,63;Negativno;Ne
1501;3,9;-6,4;6,73;4,261426868028929;Pozitivno;Da
1502;9,2;-51,1;7,52;3,59;Pozitivno;Ne
1503;3,4;-87,4;6,87;4,11;Pozitivno;Ne
1504;8,4;-49,4;7,83;2,99;Negativno;Ne
1505;14,6;-37,6;7,2;5,52;Negativno;Da
1506;7,1;-47,4;7,9;5,94;Negativno;Ne
1507;8,0;-52,7;7,61;2,82;Negativno;Ne
1508;13,7;-34,0;6,73;3,21;Negativno;Ne
1509;7,7;-63,1;6,39;2,66;Negativno;Ne
1510;0,6;-34,5;7,27;0,66;Negativno;Ne
1511;13,7;-12,8;7,12;0,34;Negativno;Ne
1512;10,6;-68,2;5,72;1,86;Negativno;Ne
1513;5,0;-49,6;6,85;2,31;Negativno;Ne
1514;1,3;-48,5;6,48;4,63;Negativno;Ne
1515;10,5;-59,9;7,21;3,33;Negativno;Ne
1516;6,2;-42,5;7,04;1,42;Pozitivno;Da
1517;0,6;-77,2;6,2;1,03;Negativno;Ne
1518;5,0;-53,0;6,94;1,64;Negativno;Ne
1519;9,3;-54,1;6,26;2,17;Negativno;Ne
1520;10,5;-60,4;7,64;3,0;Negativno;Ne
1521;8,8;-67,1;7,78;4,87;Negativno;Ne
1522;14,7;-66,2;6,87;1,7;Negativno;Ne
1523;1,0;-53,9;7,21;3,03;Negativno;Ne
1524;7,8;-48,9;6,64;4,45;Negativno;Ne
1525;6,6;-52,3;6,46;5,23;Negativno;Ne
1526;6,2;-54,3;7,33;3,22;Negativno;Ne
1527;11,0;-62,1;7,36;5,4;Pozitivno;Ne
1528;9,8;-57,1;7,29;3,36;Negativno;Ne
1529;11,4;-60,8;6,28;4,27;Negativno;Ne
1530;1,7;-58,4;7,11;4,59;Negativno;Ne
1531;11,0;-46,0;6,79;3,85;Negativno;Ne
1532;3,0;-63,2;6,14;3,55;Negativno;Ne
1533;10,5;-45,9;6,86;3,27;Negativno;Ne
1534;0,6;-65,1;7,39;3,83;Negativno;Ne
1535;7,9;-23,7;6,58;0,69;Negativno;Ne
1536;1,2;-40,8;7,33;1,11;Negativno;Ne
1537;5,6;-66,1;6,89;3,8;Negativno;Ne
1538;9,7;-69,5;6,63;2,54;Negativno;Ne
1539;8,8;-44,7;7,1;4,14;Negativno;Da
1540;7,3;-52,9;7,64;0,47;Negativno;Ne
1541;14,4;-53,3;6,74;0,3;Pozitivno;Ne
1542;13,6;-48,4;5,37;0,87;Negativno;Ne
1543;13,2;-37,8;6,38;1,59;Negativno;Ne
1544;1,2;-34,0;7,16;4,76;Negativno;Ne
1545;12,7;-46,6;6,6;0,46;Negativno;Ne
1546;5,4;-53,3;6,68;3,81;Negativno;Ne
1547;0,8;-65,7;7,63;0,32;Negativno;Ne
1548;12,4;-40,3;7,77;1,94;Negativno;Ne
1549;8,8;-74,7;7,25;3,53;Negativno;Ne
1550;9,1;150,0;-2,0;5,65;Pozitivno;Ne
1551;8,6;-57,1;7,5;0,56;Negativno;Ne
1552;3,6;-72,0;7,81;3,79;Negativno;Ne
1553;11,0;-43,8;7,44;0,51;Negativno;Ne
1554;13,1;-51,8;7,06;3,92;Negativno;Ne
1555;8,5;-59,4;7,57;4,2;Negativno;Ne
1556;13,8;-56,6;5,99;1,21;Negativno;Ne
1557;5,6;-44,4;6,28;0,74;Negativno;Ne
1558;11,3;-55,8;7,32;5,96;Negativno;Ne
1559;4,7;-46,0;7,17;2,82;Negativno;Ne
1560;14,0;-43,8;6,83;4,53;Negativno;Ne
1561;11,7;-77,3;6,64;3,48;Negativno;Ne
1562;12,5;-26,5;6,56;5,25;Pozitivno;Ne
1563;3,0;-37,5;6,49;4,41;Negativno;Ne
1564;7,8;-45,9;6,57;4,69;Negativno;Ne
1565;10,6;-36,3;7,22;5,83;Pozitivno;Ne
1566;6,8;-24,4;6,64;5,16;Negativno;Ne
1567;12,9;-67,0;6,44;4,58;Negativno;Ne
1568;12,1;-50,0;6,97;5,69;Negativno;Ne
1569;0,6;-21,3;6,58;4,26;Negativno;Ne
1570;1,4;-53,8;7,41;2,33;Negativno;Ne
1571;5,0;-31,7;6,78;5,42;Pozitivno;Ne
1572;4,5;-51,6;6,86;5,51;Pozitivno;Ne
1573;11,6;-48,4;6,89;4,47;Negativno;Ne
1574;8,9;-41,7;6,47;0,56;Negativno;Ne
1575;4,5;-66,8;7,09;3,15;Negativno;Ne
1576;9,1;-55,1;6,6;5,83;Pozitivno;Ne
1577;8,7;-30,9;7,29;3,34;Negativno;Ne
1578;12,2;-75,9;7,51;5,98;Negativno;Ne
1579;14,2;-34,2;6,63;2,72;Negativno;Ne
1580;2,9;-9,3;6,29;2,34;Pozitivno;Ne
1581;13,4;-49,6;7,7;4,65;Negativno;Ne
1582;2,3;-39,1;7,05;3,51;Negativno;Ne
1583;5,9;-59,0;6,2;1,81;Negativno;Ne
1584;4,6;-79,3;7,76;3,89;Negativno;Ne
1585;1,5;-48,7;7,57;5,5;Negativno;Ne
1586;8,9;-57,2;6,36;3,13;Negativno;Ne
1587;7,1;-83,1;6,92;5,77;Negativno;Ne
1588;2,3;-42,0;6,54;0,38;Negativno;Ne
1589;6,2;-59,3;7,29;5,54;Negativno;Ne
1590;5,0;-93,2;6,36;3,83;Negativno;Ne
1591;8,6;-78,0;6,83;4,68;Negativno;Da
1592;12,1;-61,5;7,2;0,63;Negativno;Ne
1593;8,7;-53,8;7,02;2,64;Pozitivno;Ne
1594;4,0;-38,6;6,3;0,7;Negativno;Ne
1595;0,2;-54,7;7,3;2,58;Negativno;Ne
1596;13,7;-17,8;7,68;1,3;Negativno;Da
1597;1,7;-55,5;7,54;2,58;Negativno;Ne
1598;0,6;-65,8;6,28;3,45;Pozitivno;Ne
1599;2,0;-60,3;7,61;2,25;Negativno;Ne
1600;4,9;-70,7;7,45;3,4;Negativno;Ne
1601;14,7;-32,8;7,2;1,14;Negativno;Ne
1602;3,3;-57,6;6,95;2,82;Negativno;Ne
1603;4,0;-45,8;8,09;0,94;Negativno;Ne
1604;0,9;-69,2;7,01;0,25;Negativno;Ne
1605;14,1;-10,2;7,11;7,301426868028928;Pozitivno;Da
1606;5,4;-60,0;7,03;1,58;Negativno;Da
1607;1,9;-40,5;7,56;4,56;Negativno;Ne
1608;12,0;-50,8;7,03;5,11;Negativno;Ne
1609;6,7;-63,4;7,02;3,12;Pozitivno;Ne
1610;11,5;-19,8;6,76;5,07;Negativno;Da
1611;12,6;-38,1;7,11;2,0;Negativno;Da
1612;9,4;-52,6;8,25;2,45;Negativno;Da
1613;14,6;-39,4;7,18;4,35;Negativno;Da
1614;14,9;-48,3;7,18;0,84;Negativno;Ne
1615;1,9;-44,7;7,44;2,95;Negativno;Ne
1616;6,0;-83,1;7,34;1,58;Negativno;Da
1617;6,7;-35,1;6,97;4,49;Negativno;Ne
1618;5,4;-40,2;7,41;5,66;Negativno;Ne
1619;2,2;-38,1;6,72;5,24;Negativno;Ne
1620;4,8;-54,9;7,65;4,95;Negativno;Ne
1621;14,8;150,0;-2,0;0,79;Pozitivno;Ne
1622;2,2;-50,2;7,38;4,39;Negativno;Ne
1623;3,2;-42,0;7,62;5,23;Negativno;Ne
1624;4,4;-39,6;7,03;3,28;Negativno;Ne
1625;8,5;-38,9;7,03;0,88;Negativno;Ne
1626;12,6;-49,3;6,1;3,77;Negativno;Ne
1627;10,0;-35,2;6,83;2,6;Negativno;Ne
1628;1,6;-58,9;6,92;5,24;Negativno;Ne
1629;7,1;-55,0;6,43;2,46;Negativno;Ne
1630;1,2;-55,4;6,62;2,38;Negativno;Ne
1631;3,1;-10,2;7,66;4,42;Negativno;Ne
1632;10,2;-52,7;6,89;3,99;Negativno;Ne
1633;5,4;-58,3;7,19;0,36;Negativno;Ne
1634;9,0;-49,0;6,48;3,75;Negativno;Ne
1635;10,2;-34,7;6,44;2,9;Negativno;Ne
1636;14,2;-63,1;6,67;5,45;Pozitivno;Ne
1637;4,2;-66,6;6,29;6,0;Negativno;Ne
1638;6,2;-23,6;6,3;1,32;Negativno;Ne
1639;8,7;-33,8;7,25;4,57;Negativno;Ne
1640;1,4;-65,5;7,07;3,27;Negativno;Ne
1641;11,5;-49,9;7,54;0,53;Negativno;Ne
1642;0,6;-57,2;7,07;0,8;Negativno;Ne
1643;10,5;-27,8;7,53;3,98;Negativno;Ne
1644;11,8;-57,5;6,7;0,5;Negativno;Ne
1645;14,6;-59,4;7,05;5,5;Negativno;Ne
1646;5,1;-25,8;7,09;5,68;Negativno;Ne
1647;1,9;-57,0;6,41;5,35;Negativno;Ne
1648;6,3;-46,6;7,67;5,27;Negativno;Ne
1649;11,4;-58,8;7,07;0,91;Negativno;Ne
1650;6,3;-41,7;7,3;0,78;Negativno;Ne
1651;13,2;-72,4;7,47;4,06;Negativno;Ne
1652;4,8;-47,7;7,14;2,33;Negativno;Ne
1653;7,5;-38,8;6,8;5,6;Negativno;Ne
1654;0,3;-64,2;7,68;2,7;Negativno;Ne
1655;8,6;-56,6;7,24;0,67;Pozitivno;Ne
1656;7,3;-54,6;7,49;4,19;Negativno;Ne
1657;0,7;-58,5;6,65;2,32;Negativno;Ne
1658;9,5;-1,0;6,48;3,42;Negativno;Da
1659;2,7;-40,4;6,99;5,44;Negativno;Ne
1660;7,9;-22,7;6,85;2,53;Negativno;Ne
1661;2,0;-61,0;6,92;5,05;Negativno;Ne
1662;6,8;-40,5;6,51;1,71;Negativno;Ne
1663;9,7;-54,0;7,12;4,05;Negativno;Ne
1664;11,9;-52,0;7,3;4,82;Negativno;Ne
1665;6,4;-60,9;6,67;1,96;Negativno;Ne
1666;10,9;-30,1;7,02;0,98;Pozitivno;Ne
1667;3,6;-41,3;7,59;2,44;Negativno;Ne
1668;6,6;-35,1;6,81;3,68;Negativno;Ne
1669;2,0;-42,0;7,55;4,44;Negativno;Ne
1670;5,2;-84,1;7,16;3,05;Negativno;Ne
1671;6,2;-45,0;6,84;1,02;Negativno;Ne
1672;9,5;-45,7;7,86;2,17;Negativno;Ne
1673;13,9;-41,2;6,63;0,58;Negativno;Ne
1674;8,6;-40,2;7,43;0,33;Negativno;Ne
1675;5,5;-41,6;6,08;5,73;Negativno;Ne
1676;7,3;-40,5;6,48;0,83;Negativno;Ne
1677;5,6;-65,9;6,38;5,48;Negativno;Ne
1678;5,8;-78,6;6,35;3,22;Negativno;Ne
1679;0,1;-60,9;6,84;1,14;Negativno;Ne
1680;9,1;-49,7;7,0;4,2;Negativno;Ne
1681;3,2;-25,5;7,37;2,22;Negativno;Ne
1682;14,1;-30,8;7,37;4,19;Negativno;Ne
1683;3,9;-69,3;6,06;1,65;Negativno;Ne
1684;10,2;-45,5;7,13;1,22;Pozitivno;Ne
1685;0,2;-41,2;6,71;3,05;Negativno;Ne
1686;9,3;-39,2;6,85;3,82;Negativno;Ne
1687;12,3;-56,9;7,67;4,98;Pozitivno;Ne
1688;1,8;-53,3;6,28;3,58;Negativno;Ne
1689;11,1;-51,2;6,7;1,82;Negativno;Ne
1690;14,9;-37,5;7,57;3,86;Negativno;Ne
1691;8,9;-22,8;6,35;0,95;Negativno;Ne
1692;5,8;-43,3;7,3;1,19;Negativno;Ne
1693;11,3;-53,1;6,42;1,61;Negativno;Ne
1694;2,7;-45,9;7,36;3,35;Negativno;Ne
1695;2,0;-51,1;7,01;0,4;Negativno;Ne
1696;14,9;-40,1;7,31;0,55;Pozitivno;Ne
1697;11,3;-16,0;7,94;7,381426868028928;Pozitivno;Da
1698;12,2;-55,2;7,1;4,52;Negativno;Ne
1699;8,0;-60,1;6,89;1,33;Negativno;Ne
1700;4,3;-82,7;7,13;0,98;Negativno;Ne
1701;6,4;-59,8;7,51;4,99;Negativno;Ne
1702;0,6;-48,1;7,04;4,92;Pozitivno;Da
1703;2,6;-48,1;7,24;4,28;Negativno;Ne
1704;0,2;-44,6;7,33;4,85;Negativno;Ne
1705;11,6;-71,3;7,29;1,62;Negativno;Ne
1706;2,0;-43,1;6,37;2,74;Negativno;Da
1707;6,4;-51,5;8,26;5,36;Negativno;Da
1708;13,1;-30,7;5,55;2,21;Negativno;Ne
1709;3,3;-59,3;7,4;5,97;Negativno;Ne
1710;12,8;-36,8;7,73;5,44;Negativno;Ne
1711;6,5;-65,6;6,64;2,05;Negativno;Ne
1712;10,5;-39,6;7,23;3,84;Pozitivno;Ne
1713;15,0;-52,4;6,91;0,94;Negativno;Ne
1714;7,8;-45,3;7,28;1,34;Negativno;Ne
1715;6,5;-65,5;7,01;2,76;Negativno;Ne
1716;5,5;-49,5;6,99;5,28;Negativno;Ne
1717;12,4;-71,1;7,05;2,1;Negativno;Ne
1718;13,0;-56,4;7,57;5,91;Negativno;Ne
1719;4,4;-66,9;6,66;2,79;Negativno;Ne
1720;3,7;-48,2;7,11;2,64;Pozitivno;Ne
1721;14,8;-29,4;7,09;5,35;Negativno;Ne
1722;4,5;-35,6;7,28;3,58;Negativno;Ne
1723;9,1;-60,1;7,58;0,56;Pozitivno;Ne
1724;9,0;-69,3;7,68;4,79;Negativno;Ne
1725;3,9;-50,7;7,77;5,63;Negativno;Ne
1726;6,5;-61,8;6,98;3,79;Negativno;Ne
1727;5,2;-59,3;6,48;5,68;Negativno;Ne
1728;6,6;-61,6;6,93;1,77;Negativno;Ne
1729;2,6;-54,1;6,86;4,78;Pozitivno;Ne
1730;1,5;-75,0;7,58;4,85;Negativno;Ne
1731;8,2;-47,2;7,19;0,48;Negativno;Ne
1732;4,8;-29,2;7,54;5,4;Negativno;Ne
1733;5,5;-62,7;7,26;3,82;Negativno;Ne
1734;13,5;-51,9;7,45;1,99;Negativno;Ne
1735;4,7;-56,7;6,52;1,82;Negativno;Ne
1736;1,6;-31,8;6,92;1,73;Negativno;Ne
1737;6,5;-37,7;5,96;5,51;Negativno;Ne
1738;6,0;-59,1;6,13;5,38;Negativno;Ne
1739;14,4;-54,5;6,11;2,26;Negativno;Ne
1740;0,4;-51,4;7,94;3,8;Negativno;Ne
1741;1,0;-32,8;6,77;5,05;Negativno;Ne
1742;1,9;-42,0;6,6;0,92;Negativno;Ne
1743;13,5;-65,3;7,15;2,5;Negativno;Ne
1744;3,7;-40,9;7,03;4,12;Negativno;Ne
1745;9,1;-52,6;6,34;2,91;Negativno;Ne
1746;9,4;-37,8;7,17;1,08;Pozitivno;Ne
1747;3,2;-4,0;7,31;5,83;Negativno;Ne
1748;11,0;-48,3;6,42;5,76;Negativno;Ne
1749;7,5;-15,9;7,19;3,44;Negativno;Ne
1750;13,9;-70,3;7,14;5,35;Pozitivno;Ne
1751;6,3;-44,0;7,56;2,1;Negativno;Ne
1752;14,8;-30,3;7,22;0,92;Negativno;Ne
1753;10,9;-64,2;6,91;3,4;Pozitivno;Ne
1754;2,3;-38,7;6,76;4,25;Pozitivno;Ne
1755;6,2;-38,2;6,78;2,64;Pozitivno;Ne
1756;9,6;-36,8;6,73;2,62;Negativno;Ne
1757;6,1;-30,2;7,38;0,93;Negativno;Ne
1758;6,1;-58,1;6,84;2,52;Negativno;Ne
1759;4,0;-45,7;7,26;5,28;Negativno;Ne
1760;7,0;-41,2;5,86;4,47;Negativno;Da
1761;11,9;-64,9;7,25;5,81;Negativno;Ne
1762;2,2;-51,7;7,21;5,81;Negativno;Ne
1763;8,5;-34,9;6,74;2,99;Negativno;Ne
1764;9,6;-66,4;6,24;0,71;Negativno;Ne
1765;11,9;-57,9;5,91;2,64;Negativno;Ne
1766;2,6;-41,2;6,25;1,1;Negativno;Ne
1767;9,8;-63,2;7,04;3,02;Negativno;Ne
1768;1,8;-39,7;6,22;3,36;Pozitivno;Ne
1769;1,4;-21,1;6,03;3,02;Negativno;Ne
1770;3,4;-44,0;6,07;5,13;Negativno;Ne
1771;7,1;-45,1;7,0;5,13;Negativno;Ne
1772;5,7;-37,3;7,45;2,91;Negativno;Ne
1773;12,5;-45,8;6,6;3,52;Pozitivno;Ne
1774;4,7;-28,1;6,61;4,66;Negativno;Ne
1775;13,0;-54,8;8,59;0,86;Negativno;Ne
1776;9,2;-30,4;7,37;5,59;Negativno;Ne
1777;5,0;-65,0;6,91;5,55;Negativno;Ne
1778;3,2;-42,3;7,75;2,25;Negativno;Ne
1779;3,8;-50,6;6,26;4,18;Negativno;Ne
1780;8,0;-54,6;6,98;0,61;Pozitivno;Ne
1781;14,6;-47,3;7,18;2,25;Pozitivno;Ne
1782;14,6;-62,2;7,48;5,78;Negativno;Ne
1783;12,6;-56,7;7,29;0,48;Pozitivno;Ne
1784;6,3;-80,6;7,57;1,36;Negativno;Ne
1785;0,2;-59,2;6,85;1,65;Negativno;Ne
1786;6,9;-29,2;6,24;3,89;Negativno;Ne
1787;7,0;-33,0;6,89;5,01;Negativno;Ne
1788;4,1;-60,6;6,96;4,01;Negativno;Da
1789;14,0;-24,0;6,39;5,36;Negativno;Ne
1790;13,0;-52,1;6,28;5,47;Negativno;Ne
1791;10,3;-50,0;6,98;4,15;Negativno;Ne
1792;14,5;-8,0;7,58;10,348563959565993;Pozitivno;Da
1793;7,0;-60,4;8,26;5,69;Negativno;Ne
1794;4,9;-34,8;7,01;3,06;Negativno;Ne
1795;5,3;-29,0;6,66;5,44;Pozitivno;Ne
1796;12,9;-77,6;6,63;0,6;Negativno;Ne
1797;13,5;-26,5;6,83;4,84;Negativno;Ne
1798;6,7;-23,6;7,07;2,37;Negativno;Ne
1799;6,8;-69,6;7,13;0,85;Negativno;Ne
1800;14,7;-42,5;8,29;4,61;Negativno;Ne
1801;6,0;-32,4;5,92;4,97;Negativno;Da
1802;9,3;-54,5;6,97;0,71;Negativno;Ne
1803;6,1;-64,6;6,45;3,69;Negativno;Ne
1804;13,1;-44,5;7,01;4,58;Negativno;Ne
1805;1,7;-40,5;6,99;2,51;Negativno;Ne
1806;12,8;-40,4;7,46;2,97;Negativno;Ne
1807;11,0;-77,0;6,79;5,36;Pozitivno;Da
1808;6,9;-36,9;7,0;5,79;Negativno;Ne
1809;5,5;-73,0;6,44;3,17;Negativno;Ne
1810;1,4;-37,5;6,52;4,79;Negativno;Ne
1811;11,0;-58,5;7,03;0,41;Negativno;Ne
1812;14,4;-50,2;6,12;0,93;Negativno;Ne
1813;1,4;-69,0;7,08;3,26;Negativno;Ne
1814;5,6;-66,1;7,69;4,07;Negativno;Ne
1815;0,2;-60,7;7,82;3,65;Negativno;Da
1816;9,1;-76,6;7,44;5,76;Pozitivno;Ne
1817;8,1;-65,4;6,78;0,54;Negativno;Ne
1818;12,9;-37,3;7,47;0,41;Negativno;Ne
1819;14,8;-43,4;7,01;5,17;Negativno;Ne
1820;1,6;-48,1;7,23;5,21;Pozitivno;Ne
1821;6,6;-42,7;7,09;3,6;Pozitivno;Ne
1822;4,2;-71,8;7,23;5,57;Negativno;Ne
1823;1,3;-32,1;7,79;4,68;Negativno;Ne
1824;11,4;-47,4;7,05;3,75;Negativno;Ne
1825;14,5;-46,8;6,11;1,97;Negativno;Ne
1826;6,4;-52,7;7,47;2,16;Negativno;Ne
1827;12,4;-70,8;6,54;3,67;Negativno;Ne
1828;13,5;-36,6;6,72;4,15;Negativno;Ne
1829;0,7;-29,1;6,47;1,74;Pozitivno;Ne
1830;7,4;-45,9;7,18;2,17;Negativno;Ne
1831;8,4;-33,4;7,43;3,21;Negativno;Ne
1832;7,4;-45,4;7,49;5,69;Negativno;Ne
1833;13,9;-56,2;7,36;5,52;Negativno;Ne
1834;3,1;-21,0;6,94;0,18;Negativno;Ne
1835;4,9;-40,0;7,9;0,29;Negativno;Ne
1836;6,0;-50,0;6,94;1,89;Negativno;Ne
1837;8,1;-63,2;6,03;2,08;Negativno;Ne
1838;10,9;-71,6;7,53;1,45;Negativno;Ne
1839;14,4;-58,0;6,42;1,87;Negativno;Da
1840;10,7;-80,4;6,03;5,57;Negativno;Ne
1841;10,2;-57,2;7,0;2,09;Negativno;Ne
1842;13,2;-27,6;6,68;3,46;Negativno;Ne
1843;8,6;-34,0;7,91;4,92;Negativno;Ne
1844;11,8;-51,1;6,54;5,76;Negativno;Ne
1845;6,6;-45,4;7,56;2,54;Negativno;Ne
1846;13,9;-76,6;7,33;5,66;Negativno;Ne
1847;9,3;-68,9;8,24;3,6;Negativno;Ne
1848;1,6;-66,2;7,68;1,97;Negativno;Ne
1849;6,7;-48,5;6,67;2,85;Negativno;Ne
1850;5,8;-18,3;6,6;3,08;Negativno;Da
1851;4,9;-40,7;6,58;4,77;Negativno;Ne
1852;14,6;-59,7;6,38;3,8;Negativno;Ne
1853;2,5;-56,0;6,66;4,94;Negativno;Ne
1854;6,4;-52,5;7,97;2,57;Negativno;Ne
1855;5,7;-49,2;7,35;5,22;Negativno;Ne
1856;4,5;-60,8;6,86;3,09;Negativno;Da
1857;10,3;-50,0;7,35;3,01;Negativno;Ne
1858;6,1;-45,7;7,63;0,8;Negativno;Ne
1859;5,0;-52,4;7,36;2,02;Negativno;Ne
1860;8,1;-64,7;6,76;3,88;Negativno;Da
1861;4,0;-13,7;6,64;4,261426868028929;Pozitivno;Da
1862;11,6;-38,1;7,03;5,91;Negativno;Ne
1863;13,7;-56,7;7,69;4,22;Negativno;Ne
1864;6,8;-40,8;6,74;2,62;Negativno;Da
1865;9,7;-63,8;6,87;2,17;Negativno;Ne
1866;9,4;-54,7;7,91;0,86;Negativno;Ne
1867;0,7;-47,9;7,05;0,83;Negativno;Ne
1868;1,9;-59,5;6,91;4,92;Negativno;Ne
1869;6,3;-43,2;7,54;1,88;Negativno;Ne
1870;14,9;-31,5;6,85;0,18;Negativno;Ne
1871;5,8;-49,3;6,81;5,41;Negativno;Ne
1872;8,8;-11,5;8,39;7,941426868028929;Pozitivno;Da
1873;2,5;-44,6;7,25;3,53;Negativno;Ne
1874;12,7;-36,4;6,9;0,84;Negativno;Ne
1875;13,9;-63,9;7,46;5,26;Negativno;Ne
1876;0,8;-40,6;7,02;2,33;Negativno;Ne
1877;6,0;-37,4;7,5;1,31;Negativno;Da
1878;3,3;-44,8;6,49;3,69;Negativno;Ne
1879;9,2;-68,7;6,73;1,06;Negativno;Ne
1880;4,5;-37,2;7,42;1,5;Negativno;Ne
1881;13,9;-48,9;7,71;1,62;Negativno;Ne
1882;8,4;-12,6;5,95;4,631426868028928;Pozitivno;Da
1883;3,3;-31,0;7,3;5,92;Negativno;Ne
1884;0,6;-42,7;7,16;3,02;Negativno;Ne
1885;8,1;-47,4;7,01;3,74;Negativno;Ne
1886;3,7;-61,7;7,02;2,27;Pozitivno;Ne
1887;2,0;-46,5;7,03;5,95;Negativno;Ne
1888;1,3;-52,7;6,52;2,03;Negativno;Da
1889;4,0;-68,4;7,08;2,43;Pozitivno;Ne
1890;5,1;-52,1;6,3;4,11;Negativno;Da
1891;8,9;-49,5;6,6;1,91;Negativno;Ne
1892;11,7;-76,8;7,35;5,38;Negativno;Ne
1893;9,9;-71,6;7,06;4,58;Negativno;Ne
1894;6,7;-39,8;7,47;2,88;Negativno;Ne
1895;13,1;-58,4;7,38;3,55;Negativno;Ne
1896;9,3;-58,0;6,71;6,0;Negativno;Ne
1897;6,6;-49,5;6,65;3,76;Negativno;Ne
1898;7,7;-36,8;7,55;5,38;Negativno;Ne
1899;11,8;-43,6;8,41;2,23;Negativno;Ne
1900;11,0;-63,1;7,76;4,97;Negativno;Ne
1901;13,0;-61,5;7,23;5,71;Negativno;Ne
1902;14,1;-40,0;6,79;3,41;Negativno;Ne
1903;6,5;-68,6;6,51;4,53;Negativno;Ne
1904;0,6;-29,3;7,79;1,18;Negativno;Ne
1905;3,3;-48,2;6,91;5,06;Negativno;Ne
1906;6,0;-58,8;7,3;2,62;Negativno;Ne
1907;6,4;-66,9;6,76;1,04;Negativno;Ne
1908;3,2;-77,5;7,2;1,94;Negativno;Ne
1909;4,2;-80,2;6,79;5,21;Negativno;Ne
1910;3,8;-63,0;6,75;2,54;Negativno;Ne
1911;9,6;-61,4;7,36;5,53;Negativno;Ne
1912;10,5;-42,3;6,65;5,42;Negativno;Ne
1913;0,8;-70,8;6,33;5,73;Negativno;Ne
1914;1,0;-80,4;6,58;3,9;Negativno;Ne
1915;9,0;-27,5;7,67;1,39;Negativno;Ne
1916;8,6;-56,9;6,43;3,7;Pozitivno;Ne
1917;4,6;-29,4;7,36;2,85;Negativno;Ne
1918;8,7;-59,7;6,88;5,65;Pozitivno;Da
1919;0,8;-46,7;7,35;4,91;Negativno;Ne
1920;0,7;-51,9;7,1;5,79;Negativno;Ne
1921;9,7;-56,0;7,79;5,26;Negativno;Ne
1922;0,6;-55,7;7,07;4,59;Negativno;Ne
1923;8,8;-59,7;7,03;4,25;Negativno;Ne
1924;12,2;-53,7;7,11;1,45;Negativno;Da
1925;1,4;-51,9;7,18;3,17;Negativno;Ne
1926;7,9;-54,8;7,58;0,23;Negativno;Ne
1927;14,3;-43,1;6,7;5,1;Negativno;Ne
1928;12,7;-60,8;7,4;1,94;Negativno;Ne
1929;13,3;-86,9;8,02;2,06;Negativno;Ne
1930;10,5;-9,1;6,97;9,458563959565993;Pozitivno;Da
1931;11,0;-65,4;7,42;1,87;Negativno;Ne
1932;13,4;-68,1;7,91;2,14;Negativno;Ne
1933;6,0;-54,9;6,56;3,56;Negativno;Ne
1934;2,4;-53,5;6,35;5,97;Pozitivno;Ne
1935;10,7;-62,8;6,4;5,1;Negativno;Ne
1936;14,6;150,0;-2,0;1,4;Pozitivno;Ne
1937;1,5;-50,8;7,25;1,87;Negativno;Ne
1938;11,9;-55,8;6,84;1,43;Negativno;Ne
1939;13,0;-6,9;6,74;8,361426868028929;Pozitivno;Da
1940;1,5;-45,8;7,02;4,67;Negativno;Ne
1941;7,1;-65,1;6,88;1,48;Negativno;Ne
1942;13,4;-56,0;6,55;5,2;Negativno;Ne
1943;13,4;-48,5;7,46;5,92;Pozitivno;Ne
1944;10,5;-35,6;7,18;3,48;Negativno;Ne
1945;2,1;-42,9;7,17;3,23;Negativno;Ne
1946;11,3;-51,3;6,15;5,6;Negativno;Ne
1947;10,5;-54,1;6,77;4,2;Negativno;Ne
1948;11,2;-47,4;6,15;2,89;Negativno;Ne
1949;14,7;-49,1;6,73;3,22;Negativno;Ne
1950;0,3;-45,1;8,45;3,26;Negativno;Ne
1951;12,5;-83,5;7,21;1,26;Pozitivno;Da
1952;3,0;-79,6;6,09;1,28;Negativno;Ne
1953;14,5;-54,9;6,77;4,85;Negativno;Ne
1954;2,4;-35,2;8,26;1,47;Negativno;Ne
1955;10,5;-22,2;7,29;3,95;Pozitivno;Ne
1956;11,5;-47,1;7,16;2,88;Pozitivno;Ne
1957;4,5;-48,4;7,6;1,29;Negativno;Ne
1958;13,7;-28,1;7,12;3,46;Negativno;Ne
1959;1,0;-28,3;7,9;0,21;Negativno;Ne
1960;7,4;-50,9;6,73;4,11;Negativno;Ne
1961;4,4;-57,5;6,49;3,28;Negativno;Ne
1962;4,3;-35,4;7,07;0,36;Pozitivno;Ne
1963;2,7;-33,7;7,39;0,84;Negativno;Ne
1964;6,3;-50,9;6,99;3,28;Pozitivno;Ne
1965;6,4;-36,0;7,74;5,16;Negativno;Ne
1966;6,7;-69,0;6,79;2,71;Negativno;Ne
1967;5,7;-45,1;6,53;2,56;Negativno;Ne
1968;9,5;-68,2;7,1;4,12;Pozitivno;Ne
1969;13,9;-66,3;7,8;1,49;Negativno;Ne
1970;11,1;-6,6;7,17;4,461426868028928;Pozitivno;Da
1971;5,3;-80,3;7,18;3,36;Negativno;Ne
1972;8,2;-53,5;6,44;3,12;Negativno;Ne
1973;14,6;-43,7;6,83;0,37;Negativno;Ne
1974;7,9;-71,9;6,95;1,95;Negativno;Ne
1975;7,1;-57,4;7,14;0,57;Negativno;Ne
1976;7,6;-69,5;7,51;1,24;Negativno;Ne
1977;13,8;-37,6;7,27;3,72;Negativno;Ne
1978;12,4;-38,8;7,45;1,62;Negativno;Ne
1979;6,5;-27,0;7,13;0,84;Negativno;Ne
1980;14,5;-42,0;7,32;2,71;Negativno;Ne
1981;11,2;-23,2;6,81;3,71;Negativno;Ne
1982;3,6;-59,1;6,96;1,13;Negativno;Ne
1983;9,6;-52,6;7,04;1,11;Negativno;Ne
1984;5,6;-50,2;6,5;4,36;Negativno;Ne
1985;2,5;-46,3;6,59;4,82;Negativno;Ne
1986;4,7;-76,4;7,33;4,67;Negativno;Ne
1987;2,4;-52,4;6,92;4,74;Negativno;Ne
1988;8,4;-40,8;6,4;5,59;Negativno;Ne
1989;1,9;-46,0;7,22;3,67;Pozitivno;Ne
1990;5,5;-44,0;6,24;3,05;Negativno;Ne
1991;14,8;-39,2;6,71;5,19;Negativno;Ne
1992;3,8;-73,7;6,21;4,19;Negativno;Ne
1993;9,0;150,0;-2,0;4,7;Pozitivno;Ne
1994;1,5;-79,0;6,64;3,67;Negativno;Ne
1995;12,6;-59,1;6,4;4,65;Negativno;Da
1996;7,4;-62,8;7,07;4,36;Negativno;Ne
1997;11,0;-44,2;6,85;4,8;Negativno;Ne
1998;4,5;-35,8;6,97;2,84;Negativno;Da
1999;13,7;-48,0;6,01;1,27;Negativno;Ne
2000;9,7;-30,6;6,86;2,06;Negativno;Ne
